{
 "gTv": [
  [
   -0.3526376996077295,
   0.935756764501442,
   -0.002435262852569363,
   -29.6388476384752
  ],
  [
   -0.9357224324572744,
   -0.3525990747970075,
   0.009870250682499722,
   -49.62110792764681
  ],
  [
   0.008377482414770612,
   0.005759352575307372,
   0.9999483224878689,
   1.378146860361452
  ],
  [
   0.0,
   0.0,
   0.0,
   1.0
  ]
 ],
 "vV": [
  6.104948451129885,
  -0.2020034078422523,
  0.021958499927108563
 ],
 "vA": [
  1.3474665963714638,
  -6.5218716765090345,
  9.905857291312788
 ],
 "W": [
  -0.0012217304763960308,
  0.006632251157578452,
  -0.37332592700158707
 ]
}