{
 "gTv": [
  [
   0.8551254315402941,
   -0.5179372515084054,
   0.02239419194668269,
   -61.91680117747675
  ],
  [
   0.5183008105599364,
   0.8550596326008835,
   -0.015404365269472215,
   -43.10284697744242
  ],
  [
   -0.011169874929422188,
   0.024779592336462184,
   0.9996305345965079,
   1.5012630258659898
  ],
  [
   0.0,
   0.0,
   0.0,
   1.0
  ]
 ],
 "vV": [
  10.121542075537691,
  0.007424366574234642,
  -0.05362253715306568
 ],
 "vA": [
  -1.3330889652086768,
  1.1025219295543047,
  9.896798882222233
 ],
 "W": [
  -0.010995574287564275,
  -0.010297442586766544,
  0.03106686068549907
 ]
}