{
 "gTv": [
  [
   0.8829930605590354,
   -0.469036332243799,
   0.018115574511248636,
   -72.25372764221777
  ],
  [
   0.4693081270819491,
   0.8828919117892828,
   -0.015866756187029003,
   -49.02488138207818
  ],
  [
   -0.00855200908682682,
   0.022512021951616338,
   0.9997099939523607,
   1.562182867189825
  ],
  [
   0.0,
   0.0,
   0.0,
   1.0
  ]
 ],
 "vV": [
  11.538916523685906,
  -0.0010521596497347664,
  -0.03638282105022953
 ],
 "vA": [
  -1.2659924044769484,
  2.318815035138009,
  9.977916656997058
 ],
 "W": [
  0.005759586531581288,
  -0.0054105206811824215,
  0.0582939970166106
 ]
}