{
 "gTv": [
  [
   0.6472435582074241,
   0.7622798996908856,
   -0.002265145965705681,
   -30.33406469682472
  ],
  [
   -0.7621104486158793,
   0.6470306942743397,
   -0.023215184198468474,
   -37.49430721998779
  ],
  [
   -0.016230849315290716,
   0.01675216983316191,
   0.999727925155832,
   1.2701164974933712
  ],
  [
   0.0,
   0.0,
   0.0,
   1.0
  ]
 ],
 "vV": [
  1.301707470659549,
  -0.0840127707917962,
  -0.016443686091767253
 ],
 "vA": [
  -1.368544485549499,
  -0.32685370169877875,
  9.910168232537409
 ],
 "W": [
  0.005585053606381855,
  -0.005585053606381855,
  -0.11327186845443199
 ]
}