{
 "gTv": [
  [
   0.7071199540409964,
   0.7070863160423334,
   0.003211271203109956,
   -30.803758201291497
  ],
  [
   -0.7068606175043594,
   0.7069962410981409,
   -0.022458461533568393,
   -36.817098056211094
  ],
  [
   -0.018150427499494776,
   0.013610905141844102,
   0.9997426194990412,
   1.2796796270935977
  ],
  [
   0.0,
   0.0,
   0.0,
   1.0
  ]
 ],
 "vV": [
  2.0039010025578508,
  -0.1519123900023167,
  -0.00870689358571196
 ],
 "vA": [
  -1.5727058017447528,
  -1.109439251020284,
  9.769837270191621
 ],
 "W": [
  0.012217304763960306,
  0.0024434609527920616,
  -0.21275563581810877
 ]
}