{
 "gTv": [
  [
   -0.5087298705651775,
   0.860814225713224,
   -0.013884797603137555,
   -32.27013275155896
  ],
  [
   -0.8609183963806785,
   -0.5087277552372118,
   0.003947888629157299,
   -54.32665115056336
  ],
  [
   -0.0036651832230571073,
   0.0139620865578804,
   0.9998958078574445,
   1.3741054544696751
  ],
  [
   0.0,
   0.0,
   0.0,
   1.0
  ]
 ],
 "vV": [
  7.420763031726541,
  -0.03750689508563032,
  -0.058793544560234265
 ],
 "vA": [
  1.5964117310704256,
  -1.1185061282161655,
  8.565750512018946
 ],
 "W": [
  0.08395033702092726,
  0.024434609527920613,
  -0.0609119908946021
 ]
}