{
 "gTv": [
  [
   -0.5019548830083587,
   0.8646320571664375,
   -0.0212767747602767,
   -45.600761764074036
  ],
  [
   -0.8648912700100714,
   -0.5018610732050335,
   0.009927449917187789,
   -76.8950044186147
  ],
  [
   -0.0020943935712193756,
   0.02338522870588728,
   0.9997243343011826,
   1.2541081707956196
  ],
  [
   0.0,
   0.0,
   0.0,
   1.0
  ]
 ],
 "vV": [
  10.885569879501407,
  0.019254215966192503,
  0.0013068110840739645
 ],
 "vA": [
  1.1118903600064496,
  0.11759079244974356,
  9.679484339503823
 ],
 "W": [
  0.020071286397934793,
  0.0671951762017817,
  0.004886921905584123
 ]
}