{
 "gTv": [
  [
   0.8533142896647914,
   -0.520993208214122,
   0.020513411433250067,
   -54.604681528910355
  ],
  [
   0.5212845985525028,
   0.8532864848374482,
   -0.012827396684754815,
   -38.605333175092845
  ],
  [
   -0.01082083018207666,
   0.02163912633422413,
   0.9997072860821126,
   1.4715326390779693
  ],
  [
   0.0,
   0.0,
   0.0,
   1.0
  ]
 ],
 "vV": [
  8.941984942669983,
  -0.005544218184931116,
  -0.030305516876010297
 ],
 "vA": [
  -1.3035493844518147,
  -0.48780838813305005,
  9.416638991681083
 ],
 "W": [
  0.01361356816555577,
  0.013439035240356337,
  -0.01832595714594046
 ]
}