{
 "gTv": [
  [
   -0.5031627373921104,
   0.8640292900843555,
   -0.016752479709077648,
   -40.838573364951465
  ],
  [
   -0.8641908163568183,
   -0.5030950908672462,
   0.008340411849141695,
   -68.73167223697702
  ],
  [
   -0.0012217301724650742,
   0.018673923572780575,
   0.9998248806434973,
   1.2846144390776055
  ],
  [
   0.0,
   0.0,
   0.0,
   1.0
  ]
 ],
 "vV": [
  10.079984493362744,
  0.0040426915751785066,
  -0.005303471307635373
 ],
 "vA": [
  1.0476459727603458,
  0.33342794792103164,
  8.767790701187316
 ],
 "W": [
  -0.00471238898038469,
  0.032637657012293965,
  0.015184364492350668
 ]
}