{
 "gTv": [
  [
   0.8525035985466326,
   -0.5223758295007905,
   0.01900282132744499,
   -55.37713922468193
  ],
  [
   0.5226299737711431,
   0.8524708791226429,
   -0.012300844029688748,
   -39.07453107504064
  ],
  [
   -0.009773688199249033,
   0.020417957812410813,
   0.9997437581789418,
   1.4719160885963192
  ],
  [
   0.0,
   0.0,
   0.0,
   1.0
  ]
 ],
 "vV": [
  9.073776061333035,
  -0.005124158840770939,
  -0.037930588587717404
 ],
 "vA": [
  -1.373894149595546,
  -0.3347780152219713,
  9.776841639936743
 ],
 "W": [
  0.005934119456780722,
  0.005934119456780722,
  -0.010471975511965976
 ]
}