{
 "gTv": [
  [
   0.5939563121258433,
   0.804468546490891,
   -0.006801249348527099,
   -29.927635172743244
  ],
  [
   -0.8044313927924234,
   0.5937782237641561,
   -0.01782008062623106,
   -38.168255391841505
  ],
  [
   -0.01029726060218904,
   0.016055487856705606,
   0.9998180773189559,
   1.2719752071070118
  ],
  [
   0.0,
   0.0,
   0.0,
   1.0
  ]
 ],
 "vV": [
  0.21637842090065232,
  -0.02720774930789674,
  -0.00602322458125583
 ],
 "vA": [
  0.4034854198083752,
  0.0331121766501651,
  9.795701852197558
 ],
 "W": [
  -0.005061454830783556,
  -0.002617993877991494,
  -0.013962634015954637
 ]
}