{
 "gTv": [
  [
   0.8569242997230377,
   -0.5149141152427442,
   0.023328061813266954,
   -62.789396203934295
  ],
  [
   0.5153096234470947,
   0.8568526475011038,
   -0.016110010960974572,
   -43.62158693807068
  ],
  [
   -0.011693439485246055,
   0.02582623461000874,
   0.9995980537590466,
   1.5110475558513883
  ],
  [
   0.0,
   0.0,
   0.0,
   1.0
  ]
 ],
 "vV": [
  10.24955426908898,
  0.008966878576278911,
  -0.047057120978222976
 ],
 "vA": [
  -1.271027693823066,
  1.183586678777974,
  9.942575439273973
 ],
 "W": [
  -0.016231562043547268,
  -0.004363323129985824,
  0.03752457891787808
 ]
}