{
 "gTv": [
  [
   0.7226175503037338,
   0.6912354189996219,
   0.004179893951716073,
   -30.935647262774264
  ],
  [
   -0.6910188025722135,
   0.7225204081552108,
   -0.02138397275745245,
   -36.650200412642704
  ],
  [
   -0.01780141805291354,
   0.01256404869635839,
   0.9997625989181935,
   1.2898385360398834
  ],
  [
   0.0,
   0.0,
   0.0,
   1.0
  ]
 ],
 "vV": [
  2.1492078775170436,
  -0.16716569500468775,
  -0.008283635185074217
 ],
 "vA": [
  -1.6462469527439902,
  -1.2892712976364715,
  9.812034110414887
 ],
 "W": [
  0.007504915783575617,
  0.004537856055185257,
  -0.23282692221604356
 ]
}