{
 "gTv": [
  [
   0.606212510913265,
   0.7952849792368167,
   -0.005309746936607909,
   -30.016579614313905
  ],
  [
   -0.795177052886565,
   0.6059845511069478,
   -0.021821511917097174,
   -38.00324574194637
  ],
  [
   -0.014136696038032737,
   0.017450662451812555,
   0.9997477822956754,
   1.2707264661965032
  ],
  [
   0.0,
   0.0,
   0.0,
   1.0
  ]
 ],
 "vV": [
  0.48276711515834775,
  -0.03716054173183855,
  -0.0009123130960817949
 ],
 "vA": [
  -0.9599256851485295,
  0.06691462451687019,
  9.80915824204501
 ],
 "W": [
  0.0020943951023931952,
  -0.003316125578789226,
  -0.04031710572106901
 ]
}