{
 "gTv": [
  [
   0.8887445655017646,
   -0.4581395089670806,
   0.015533435372841516,
   -74.31459804430278
  ],
  [
   0.45833245753486057,
   0.8886914024885929,
   -0.012607518110766136,
   -50.10611003938893
  ],
  [
   -0.008028428310396473,
   0.01832434081380186,
   0.9997998614085746,
   1.5625564713745235
  ],
  [
   0.0,
   0.0,
   0.0,
   1.0
  ]
 ],
 "vV": [
  11.779903996376673,
  -0.009053711886083273,
  -0.0010168348883726952
 ],
 "vA": [
  -1.199012623189586,
  2.3239512774428093,
  9.239487400614806
 ],
 "W": [
  0.03543018381548489,
  0.007853981633974483,
  0.06318091892219473
 ]
}