{
 "gTv": [
  [
   0.9103890218842927,
   -0.4137453544012179,
   0.002571097814410672,
   -84.21345469566971
  ],
  [
   0.41374712181113765,
   0.9103918327261511,
   -0.00017348924834102275,
   -54.907149566054535
  ],
  [
   -0.0022689260808398757,
   0.001221727027711947,
   0.9999966796732425,
   1.5551330555518457
  ],
  [
   0.0,
   0.0,
   0.0,
   1.0
  ]
 ],
 "vV": [
  12.615116524728132,
  0.009867242275636928,
  0.04810815026775099
 ],
 "vA": [
  -1.0099287808507966,
  2.2081983935711342,
  9.134536258652323
 ],
 "W": [
  0.00471238898038469,
  0.02600540585471551,
  0.054279739737023644
 ]
}