{
 "gTv": [
  [
   -0.5004456663315172,
   0.8655785616227708,
   -0.01810769750848957,
   -48.37377273063682
  ],
  [
   -0.8657678748966381,
   -0.5003277222457355,
   0.010870011469794178,
   -81.65702197391117
  ],
  [
   0.0003490658433100962,
   0.021116912924228546,
   0.9997769521956323,
   1.2349674206584405
  ],
  [
   0.0,
   0.0,
   0.0,
   1.0
  ]
 ],
 "vV": [
  11.209325220540512,
  -0.012225960115803632,
  -0.020254985881915454
 ],
 "vA": [
  0.6218053502829818,
  0.0663083025001927,
  11.205193412782597
 ],
 "W": [
  -0.002967059728390361,
  -0.033335788713091695,
  0.004537856055185257
 ]
}