{
 "gTv": [
  [
   0.8635791504645398,
   -0.5037554578439011,
   0.021482308428685835,
   -51.61434509618171
  ],
  [
   0.5040388022564838,
   0.8636172067370339,
   -0.010497906818611624,
   -36.83452401757317
  ],
  [
   -0.013264113343632792,
   0.019893690462171702,
   0.9997141113223332,
   1.450871536686595
  ],
  [
   0.0,
   0.0,
   0.0,
   1.0
  ]
 ],
 "vV": [
  8.421122265950146,
  -0.03962814517309993,
  -0.05249760106618893
 ],
 "vA": [
  -1.3854255733374403,
  -2.4285961744426507,
  9.939847210873861
 ],
 "W": [
  -0.008377580409572781,
  -0.006981317007977318,
  -0.09145525280450287
 ]
}