{
 "gTv": [
  [
   0.8096420258405745,
   0.5868503200221483,
   0.009300101218391497,
   -31.77821515463567
  ],
  [
   -0.5867184349758227,
   0.809676180282092,
   -0.013636757067660574,
   -35.70258712583827
  ],
  [
   -0.01553280567996496,
   0.005584350786185078,
   0.9998637642069069,
   1.3108711566111992
  ],
  [
   0.0,
   0.0,
   0.0,
   1.0
  ]
 ],
 "vV": [
  2.8954511600596664,
  -0.2147060289809318,
  -0.02058024116754375
 ],
 "vA": [
  -1.7586098204027827,
  -2.7167323509269807,
  9.709514066371595
 ],
 "W": [
  0.01884955592153876,
  -0.00471238898038469,
  -0.3125884690321844
 ]
}