{
 "gTv": [
  [
   0.9035443821383118,
   -0.42844029034131953,
   0.0068166794367003685,
   -80.81507902406915
  ],
  [
   0.4284646209432679,
   0.9035549252797701,
   -0.0025623431876522895,
   -53.325454232164425
  ],
  [
   -0.005061433219812097,
   0.005235896763251191,
   0.9999734832878552,
   1.5640974689921368
  ],
  [
   0.0,
   0.0,
   0.0,
   1.0
  ]
 ],
 "vV": [
  12.35900579343742,
  -0.00023836271047934614,
  -0.006349186984747271
 ],
 "vA": [
  -0.9839431623198888,
  2.0864719482233114,
  10.061721183845657
 ],
 "W": [
  0.007679448708775049,
  -0.005585053606381855,
  0.05742133239061344
 ]
}