{
 "gTv": [
  [
   0.5947973067893749,
   0.8038455889317547,
   -0.006959381514641106,
   -29.93545642909157
  ],
  [
   -0.8038075052980836,
   0.5946117749119683,
   -0.01817502579117398,
   -38.14621109518586
  ],
  [
   -0.01047178411624579,
   0.01640445948511898,
   0.9998105997869915,
   1.2719043365866285
  ],
  [
   0.0,
   0.0,
   0.0,
   1.0
  ]
 ],
 "vV": [
  0.196475627362408,
  -0.02010249389423301,
  -0.005794189212306819
 ],
 "vA": [
  0.04279218683928493,
  -0.05948996051775324,
  9.826837586485047
 ],
 "W": [
  0.00471238898038469,
  -0.003316125578789226,
  -0.011693705988362009
 ]
}