{
 "gTv": [
  [
   -0.27561915144112337,
   0.9612669149510874,
   -3.9740329448213416e-05,
   -29.173321513112967
  ],
  [
   -0.961230410020025,
   -0.27560832380371847,
   0.00872643700712832,
   -48.528093658621245
  ],
  [
   0.008377482414770612,
   0.002443372776178961,
   0.9999619231340094,
   1.368300365495515
  ],
  [
   0.0,
   0.0,
   0.0,
   1.0
  ]
 ],
 "vV": [
  5.782864975590408,
  -0.2784179119485096,
  -0.0019374498600661094
 ],
 "vA": [
  1.3560654061721187,
  -7.251266523506633,
  9.695910419932599
 ],
 "W": [
  0.039269908169872414,
  -0.012217304763960306,
  -0.4293509959906051
 ]
}