{
 "gTv": [
  [
   -0.5025585686492915,
   0.8642995389856981,
   -0.020522962414938947,
   -45.057247077644455
  ],
  [
   -0.8645406286535898,
   -0.5023579668008928,
   0.014351815178886151,
   -75.95271184604914
  ],
  [
   0.002094393571219374,
   0.02495556252186551,
   0.9996863675247283,
   1.2652982253208174
  ],
  [
   0.0,
   0.0,
   0.0,
   1.0
  ]
 ],
 "vV": [
  10.836948707889382,
  -0.05371952025060209,
  -0.03129222572114748
 ],
 "vA": [
  0.4795265944776371,
  0.6649016457744938,
  9.711864413469515
 ],
 "W": [
  -0.08970992355250852,
  0.009075712110370514,
  0.010122909661567111
 ]
}