{
 "gTv": [
  [
   0.5897500746798273,
   0.8075514367710563,
   -0.007451602790038254,
   -29.898424884325856
  ],
  [
   -0.8075493029171448,
   0.5896105663968626,
   -0.014950028468346718,
   -38.21171026139243
  ],
  [
   -0.007679373227782693,
   0.014834317044383866,
   0.9998604753987703,
   1.2728372464159559
  ],
  [
   0.0,
   0.0,
   0.0,
   1.0
  ]
 ],
 "vV": [
  0.37705299000090803,
  -0.027937965353842298,
  -0.021375888819465116
 ],
 "vA": [
  1.1373356807125232,
  -0.19392176423197505,
  9.778267997172474
 ],
 "W": [
  -0.009773843811168246,
  -0.019547687622336492,
  -0.032463124087094536
 ]
}