{
 "gTv": [
  [
   -0.5018044048647433,
   0.8648135600224949,
   -0.017024854171468262,
   -56.485730351241095
  ],
  [
   -0.8649796944780093,
   -0.5016706271214769,
   0.011692306199986083,
   -95.64628282195615
  ],
  [
   0.0015707956808308776,
   0.02059340391394964,
   0.9997866994095123,
   1.195364758516673
  ],
  [
   0.0,
   0.0,
   0.0,
   1.0
  ]
 ],
 "vV": [
  11.913434888602136,
  0.00857886626514556,
  -0.002293955874533302
 ],
 "vA": [
  0.34146638487774317,
  -0.1055050347580006,
  9.9761160178484
 ],
 "W": [
  0.030194196059501903,
  -0.012042771838760874,
  0.00017453292519943296
 ]
}