{
 "gTv": [
  [
   -0.5114345032171682,
   0.8590888468330138,
   -0.020027535198588756,
   -37.884661158372346
  ],
  [
   -0.8593201167508866,
   -0.5113463777914004,
   0.009686013981864174,
   -63.705716341875316
  ],
  [
   -0.001919860997799996,
   0.02216382563405303,
   0.9997525088575733,
   1.2942243249971648
  ],
  [
   0.0,
   0.0,
   0.0,
   1.0
  ]
 ],
 "vV": [
  9.354690417686072,
  -0.010029073694679723,
  0.005324197002953049
 ],
 "vA": [
  1.244208208703697,
  0.43496347157192805,
  10.11831773273027
 ],
 "W": [
  0.01658062789394613,
  -0.0013962634015954637,
  0.015707963267948967
 ]
}