{
 "gTv": [
  [
   0.33507692141490425,
   0.9420649615333829,
   -0.015396914827850685,
   -28.61674279972419
  ],
  [
   -0.9420192794872146,
   0.33528297495693143,
   0.013601609405466458,
   -41.42677735543025
  ],
  [
   0.017975923049993122,
   0.009946605206586205,
   0.9997889433452269,
   1.280826560691866
  ],
  [
   0.0,
   0.0,
   0.0,
   1.0
  ]
 ],
 "vV": [
  3.3022871298447707,
  -0.20126978595623776,
  0.025644801203149284
 ],
 "vA": [
  1.4101052308617683,
  -3.093609101702542,
  9.845192520446501
 ],
 "W": [
  -0.0013962634015954637,
  -0.014137166941154071,
  -0.2935643801854462
 ]
}