{
 "gTv": [
  [
   0.8594094006178208,
   -0.5108060531868908,
   0.0221959040669545,
   -52.35126618326916
  ],
  [
   0.5111021252599268,
   0.8594576294027374,
   -0.010353782700681487,
   -37.26742272776249
  ],
  [
   -0.013787664214945476,
   0.020242511925605736,
   0.9997000255208748,
   1.4506928152378253
  ],
  [
   0.0,
   0.0,
   0.0,
   1.0
  ]
 ],
 "vV": [
  8.553449340975542,
  -0.012606470652746064,
  -0.05012894248167639
 ],
 "vA": [
  -1.1223557072466928,
  -2.096627137289196,
  9.796514104624537
 ],
 "W": [
  0.0041887902047863905,
  -0.0010471975511965976,
  -0.06981317007977318
 ]
}