{
 "gTv": [
  [
   0.9011409418755009,
   -0.4334752399433858,
   0.0066497542630621275,
   -79.70761601053425
  ],
  [
   0.43350600574268333,
   0.90114107165156,
   -0.004160765278466688,
   -52.78807431932222
  ],
  [
   -0.00418877795540388,
   0.006632144351710796,
   0.9999692339269934,
   1.5542982032396524
  ],
  [
   0.0,
   0.0,
   0.0,
   1.0
  ]
 ],
 "vV": [
  12.2770623766882,
  0.00934467293772304,
  -0.003872031446039491
 ],
 "vA": [
  -0.80856646720821,
  2.119519660560428,
  10.170858224223716
 ],
 "W": [
  0.015184364492350668,
  -0.015009831567151233,
  0.04939281783143952
 ]
}