{
 "gTv": [
  [
   -0.5021064391674614,
   0.8645526501043569,
   -0.02092460140852368,
   -42.909904072282764
  ],
  [
   -0.8648047029221987,
   -0.5019978535245118,
   0.010534745389909124,
   -72.28016380922544
  ],
  [
   -0.0013962629479142754,
   0.023385257200126845,
   0.9997255524369996,
   1.2743204778848447
  ],
  [
   0.0,
   0.0,
   0.0,
   1.0
  ]
 ],
 "vV": [
  10.48897840704208,
  -0.0039121052574294275,
  -0.04575559269922054
 ],
 "vA": [
  1.0447242935047978,
  -0.13908798076360335,
  8.797938960641613
 ],
 "W": [
  0.054977871437821374,
  0.03874630939427412,
  -0.0012217304763960308
 ]
}