{
 "gTv": [
  [
   0.9448648760125316,
   -0.32704136645586607,
   0.01656232787089107,
   -44.59836338408322
  ],
  [
   0.32701351659547523,
   0.9450092340494334,
   0.004439315844102119,
   -33.65914332922586
  ],
  [
   -0.01710339269513069,
   0.0012215514654493234,
   0.9998529800777377,
   1.4405880756770062
  ],
  [
   0.0,
   0.0,
   0.0,
   1.0
  ]
 ],
 "vV": [
  7.011661619812902,
  -0.1413273559481891,
  -0.03229052726476752
 ],
 "vA": [
  -1.4901685325545304,
  -7.109852438449473,
  9.283451333765766
 ],
 "W": [
  -0.01117010721276371,
  0.027052603405912107,
  -0.31904618726456346
 ]
}