{
 "gTv": [
  [
   -0.5007451230615182,
   0.8654112413496778,
   -0.017824283315587528,
   -51.202610313645756
  ],
  [
   -0.8655884270723352,
   -0.5007141612119753,
   0.006481024627970725,
   -86.55541649791822
  ],
  [
   -0.003316119501059034,
   0.01867383483372901,
   0.9998201294453203,
   1.223977205180033
  ],
  [
   0.0,
   0.0,
   0.0,
   1.0
  ]
 ],
 "vV": [
  11.477967375283919,
  -0.00039145392131876774,
  -0.03742407662798772
 ],
 "vA": [
  0.4559539361021326,
  -0.3187412838086677,
  10.034442794742388
 ],
 "W": [
  0.012042771838760874,
  -0.009773843811168246,
  -0.0038397243543875246
 ]
}