{
 "gTv": [
  [
   -0.5002943936919555,
   0.8656355432733599,
   -0.01950963511277068,
   -48.93122322813201
  ],
  [
   -0.8658549290135399,
   -0.5001444142755669,
   0.012280340870990461,
   -82.63136739892016
  ],
  [
   0.0008726645152351501,
   0.023036299416030838,
   0.999734248370965,
   1.235027580172324
  ],
  [
   0.0,
   0.0,
   0.0,
   1.0
  ]
 ],
 "vV": [
  11.252066646419191,
  -0.012262333433055309,
  0.013547394096516164
 ],
 "vA": [
  0.7615289965677694,
  0.13315727376907746,
  9.476112683044608
 ],
 "W": [
  0.006981317007977318,
  0.01064650843716541,
  -0.0024434609527920616
 ]
}