{
 "gTv": [
  [
   -0.5021038696018016,
   0.8646060661824481,
   -0.01865621750004799,
   -41.86355379381238
  ],
  [
   -0.8648002772222002,
   -0.5020700066244186,
   0.006796246358248418,
   -70.48976108402283
  ],
  [
   -0.003490651415223732,
   0.019546323661202847,
   0.9998028588596998,
   1.2838799113946724
  ],
  [
   0.0,
   0.0,
   0.0,
   1.0
  ]
 ],
 "vV": [
  10.30747110247278,
  -0.005724869578847926,
  -0.04225979266771343
 ],
 "vA": [
  1.1363929671907997,
  -0.08157082058599523,
  9.259578274440589
 ],
 "W": [
  0.01291543646475804,
  -0.02583087292951608,
  -0.0019198621771937623
 ]
}