{
 "gTv": [
  [
   0.5782874556833169,
   0.8157842384407505,
   -0.008927200622869495,
   -29.824598236897874
  ],
  [
   -0.8158232065983204,
   0.57819199206703,
   -0.011247928040042782,
   -38.35478497151793
  ],
  [
   -0.004014246498463719,
   0.013787553126081289,
   0.999896889286013,
   1.274007659124622
  ],
  [
   0.0,
   0.0,
   0.0,
   1.0
  ]
 ],
 "vV": [
  0.7427824325169291,
  -0.055954883426433774,
  -0.004949144247189539
 ],
 "vA": [
  1.206580456901238,
  -0.24027424327353541,
  9.844909924358317
 ],
 "W": [
  -0.0012217304763960308,
  0.00034906585039886593,
  -0.06387905062299247
 ]
}