{
 "gTv": [
  [
   0.9081301075516592,
   -0.41865465772721505,
   0.005290115454356172,
   -83.06803797922859
  ],
  [
   0.41866348749560117,
   0.9081412222436623,
   -0.0006361602061223822,
   -54.379428223305304
  ],
  [
   -0.004537840481175261,
   0.0027924944217811365,
   0.9999858048885854,
   1.5543702062953368
  ],
  [
   0.0,
   0.0,
   0.0,
   1.0
  ]
 ],
 "vV": [
  12.529016157509094,
  0.01721383016705203,
  0.03512613219500641
 ],
 "vA": [
  -0.9303675519333233,
  1.8354136550810358,
  9.086905281683169
 ],
 "W": [
  0.026703537555513242,
  0.01291543646475804,
  0.05078908123303499
 ]
}