{
 "gTv": [
  [
   -0.18993384520270556,
   0.9817750460164566,
   0.006549310337686087,
   -28.805524380995205
  ],
  [
   -0.9817447044149054,
   -0.1899883018750091,
   0.009043257374461273,
   -47.47017737737642
  ],
  [
   0.010122736774459799,
   -0.004712130095303959,
   0.999937661072009,
   1.3591461642166676
  ],
  [
   0.0,
   0.0,
   0.0,
   1.0
  ]
 ],
 "vV": [
  5.456835075214313,
  -0.265422081425048,
  0.05867116974796653
 ],
 "vA": [
  1.2641621205060793,
  -7.603244553125756,
  9.543330328094406
 ],
 "W": [
  -0.010995574287564275,
  0.030194196059501903,
  -0.4536110725933263
 ]
}