{
 "gTv": [
  [
   0.6677312524649419,
   0.7444023621842283,
   0.00031249982572358753,
   -30.49541247276426
  ],
  [
   -0.7441853537070592,
   0.6675466149123379,
   -0.02386789154864813,
   -37.2617497734576
  ],
  [
   -0.017975923049993122,
   0.015704779324136713,
   0.999715072456588,
   1.2796302578675078
  ],
  [
   0.0,
   0.0,
   0.0,
   1.0
  ]
 ],
 "vV": [
  1.5741619872259551,
  -0.11003266515736448,
  -0.021843982242634057
 ],
 "vA": [
  -1.4393379347013795,
  -0.5953854488278465,
  9.8192323409215
 ],
 "W": [
  0.006108652381980153,
  -0.006981317007977318,
  -0.158824961931484
 ]
}