{
 "gTv": [
  [
   -0.5001426945578912,
   0.8657174499845868,
   -0.019763144298319303,
   -49.495693367212276
  ],
  [
   -0.8659412444902177,
   -0.5000574057373345,
   0.009399577542622838,
   -83.6071704713538
  ],
  [
   -0.0017453283658983108,
   0.021814851808599597,
   0.9997605043556501,
   1.2342953464601272
  ],
  [
   0.0,
   0.0,
   0.0,
   1.0
  ]
 ],
 "vV": [
  11.30034138701484,
  -0.02081878426008458,
  0.039339360150913376
 ],
 "vA": [
  0.4974563411466567,
  0.013589152924278357,
  9.187261480008418
 ],
 "W": [
  -0.018500490071139894,
  0.033510321638291124,
  0.0017453292519943296
 ]
}