{
 "gTv": [
  [
   0.025311100310665968,
   0.9996715857270574,
   -0.004008602127151174,
   -28.34594152972838
  ],
  [
   -0.9995869298923218,
   0.025363154602118243,
   0.01351591569488618,
   -44.990126983780726
  ],
  [
   0.013613147670749406,
   0.0036648435954951047,
   0.9999006206278276,
   1.3298173332582977
  ],
  [
   0.0,
   0.0,
   0.0,
   1.0
  ]
 ],
 "vV": [
  4.6902312648950275,
  -0.23709228690409764,
  0.09884271069772085
 ],
 "vA": [
  1.55952625550657,
  -5.634519209609099,
  9.022090853191857
 ],
 "W": [
  -0.010297442586766544,
  0.047123889803846894,
  -0.4145156973486533
 ]
}