{
 "gTv": [
  [
   -0.5123322277574711,
   0.8586394420187777,
   -0.015937283669081807,
   -36.94147363595716
  ],
  [
   -0.858780933505467,
   -0.5123118382425411,
   0.005647003101372858,
   -62.12990987862312
  ],
  [
   -0.0033161195010590356,
   0.016579777025955214,
   0.9998570469548256,
   1.314082242972134
  ],
  [
   0.0,
   0.0,
   0.0,
   1.0
  ]
 ],
 "vV": [
  9.087967437068576,
  0.007693134009972863,
  -0.10193730307787602
 ],
 "vA": [
  1.4186954206656506,
  -0.09434638685339518,
  10.217548448287848
 ],
 "W": [
  0.026354471705114374,
  -0.010297442586766544,
  -0.0005235987755982988
 ]
}