{
 "gTv": [
  [
   -0.4394589961737183,
   0.8982573508453141,
   -0.0030858279838864534,
   -30.49883693849413
  ],
  [
   -0.898257751018264,
   -0.43944265842883845,
   0.004812763094704133,
   -51.31409505232661
  ],
  [
   0.0029670553750018643,
   0.004886880943255666,
   0.999983657354983,
   1.3765536625786596
  ],
  [
   0.0,
   0.0,
   0.0,
   1.0
  ]
 ],
 "vV": [
  6.5852788345419215,
  -0.16224922759943552,
  0.002454237879815935
 ],
 "vA": [
  1.4566274558705268,
  -4.871482006670619,
  9.541534854978252
 ],
 "W": [
  0.016057029118347832,
  0.022165681500327987,
  -0.2574360646691636
 ]
}