{
 "gTv": [
  [
   0.9911878341197808,
   -0.13085961172811245,
   0.020553333338060826,
   -40.71123332122743
  ],
  [
   0.13085330779837812,
   0.9914003559920297,
   0.0016570990012081776,
   -32.962964982237224
  ],
  [
   -0.0205934293200695,
   0.001046975283638354,
   0.9997873846531545,
   1.3995175867557856
  ],
  [
   0.0,
   0.0,
   0.0,
   1.0
  ]
 ],
 "vV": [
  6.166774110778557,
  -0.19458712358120933,
  -0.0668251861408458
 ],
 "vA": [
  -1.5107672240764096,
  -6.264658804900304,
  9.293445319187084
 ],
 "W": [
  -0.028623399732707003,
  0.047647488579445195,
  -0.3412118687648914
 ]
}