{
 "gTv": [
  [
   -0.5018049016549139,
   0.864790113185512,
   -0.01816317185107906,
   -55.893650573215055
  ],
  [
   -0.8649805508144734,
   -0.5017110433428039,
   0.009730143912881302,
   -94.62649236049144
  ],
  [
   -0.0006981316440875813,
   0.02059342430157586,
   0.999787689205935,
   1.20467616926375
  ],
  [
   0.0,
   0.0,
   0.0,
   1.0
  ]
 ],
 "vV": [
  11.872555142868789,
  -0.03434194066270403,
  0.009712629708346715
 ],
 "vA": [
  0.4273463539659208,
  0.21822307456134196,
  10.518551076435582
 ],
 "W": [
  -0.05183627878423159,
  -0.02617993877991494,
  -0.0015707963267948967
 ]
}