{
 "gTv": [
  [
   0.850933361487975,
   -0.5248902435997029,
   0.020066052940717043,
   -58.55758086888596
  ],
  [
   0.5251473401128584,
   0.8509454855889044,
   -0.010585448892389993,
   -41.03324661693514
  ],
  [
   -0.01151891831575234,
   0.019545145937241933,
   0.999742617772758,
   1.4914252727902246
  ],
  [
   0.0,
   0.0,
   0.0,
   1.0
  ]
 ],
 "vV": [
  9.597920278229694,
  0.013601794702587183,
  -0.03880109912835176
 ],
 "vA": [
  -1.3897067801592862,
  -0.014018184122837202,
  9.614519233724623
 ],
 "W": [
  -0.015707963267948967,
  0.006283185307179587,
  0.006283185307179587
 ]
}