{
 "gTv": [
  [
   0.8564574915762728,
   -0.5157491089322709,
   0.02198685421899272,
   -53.09552317981448
  ],
  [
   0.5160471184107959,
   0.8564921727122126,
   -0.0107948905796948,
   -37.7014212166017
  ],
  [
   -0.013264113343632792,
   0.020591617670355188,
   0.9996999792832474,
   1.460836006171883
  ],
  [
   0.0,
   0.0,
   0.0,
   1.0
  ]
 ],
 "vV": [
  8.679946656105807,
  -0.02043542518040315,
  -0.03843377451598315
 ],
 "vA": [
  -1.3635492308604473,
  -1.2776874807589176,
  9.748980316462998
 ],
 "W": [
  -0.013439035240356337,
  0.007155849933176751,
  -0.04415683007545654
 ]
}