{
 "gTv": [
  [
   0.559054333765672,
   0.8290761654209735,
   -0.009537495933176526,
   -29.691130545182055
  ],
  [
   -0.8291283769196358,
   0.5589865055958512,
   -0.008956625946748644,
   -38.59758749685708
  ],
  [
   -0.0020943935712193743,
   0.012915049074400171,
   0.9999144038481369,
   1.2746349220025184
  ],
  [
   0.0,
   0.0,
   0.0,
   1.0
  ]
 ],
 "vV": [
  1.1293417006374404,
  -0.07562800080037752,
  -0.020285396107244773
 ],
 "vA": [
  1.3073648587999296,
  -0.5234654030769686,
  9.84144702434816
 ],
 "W": [
  -0.0008726646259971648,
  -0.017278759594743863,
  -0.09756390518648302
 ]
}