{
 "gTv": [
  [
   -0.47745751557946425,
   0.8786117867332324,
   -0.00869764509065419,
   -31.17196369047977
  ],
  [
   -0.8786544026369696,
   -0.47744371864282087,
   0.0037331294091529623,
   -52.4850525776711
  ],
  [
   -0.000872664515235151,
   0.009424634844507934,
   0.9999552063541105,
   1.375175004411813
  ],
  [
   0.0,
   0.0,
   0.0,
   1.0
  ]
 ],
 "vV": [
  6.922982557903082,
  -0.1168416287223291,
  -0.009777603297435215
 ],
 "vA": [
  1.6239837651508107,
  -3.212483437158626,
  9.488397885115152
 ],
 "W": [
  -0.0005235987755982988,
  0.017278759594743863,
  -0.17558012275062956
 ]
}