{
 "gTv": [
  [
   -0.5007374352543669,
   0.8652808497953844,
   -0.023474920921201424,
   -52.94682992438663
  ],
  [
   -0.8655751379226394,
   -0.5007416524139846,
   0.006121939881806732,
   -89.54869851635318
  ],
  [
   -0.006457673349044032,
   0.023384792389289297,
   0.9997056816582706,
   1.2127781183653286
  ],
  [
   0.0,
   0.0,
   0.0,
   1.0
  ]
 ],
 "vV": [
  11.634401258516919,
  -0.020459543753295124,
  -0.018647500380332444
 ],
 "vA": [
  0.5375127222016426,
  -0.04651714336245588,
  10.106001404498505
 ],
 "W": [
  0.0158824961931484,
  0.0020943951023931952,
  0.0
 ]
}