{
 "gTv": [
  [
   0.9161730839832543,
   0.40041663110323844,
   0.017128973131693398,
   -33.38370571937388
  ],
  [
   -0.4004469307918961,
   0.9163182381668133,
   -0.0017725750245849651,
   -34.465304101376425
  ],
  [
   -0.01640535900136203,
   -0.005235259191337774,
   0.9998517171347141,
   1.3210909766340089
  ],
  [
   0.0,
   0.0,
   0.0,
   1.0
  ]
 ],
 "vV": [
  3.8657464352540765,
  -0.2504396508669463,
  -0.0323740301843514
 ],
 "vA": [
  -1.9558981311135715,
  -4.54713027786156,
  9.869679155986734
 ],
 "W": [
  0.01902408884673819,
  -0.01064650843716541,
  -0.39235001584832524
 ]
}