{
 "gTv": [
  [
   -0.5052663006716256,
   0.8628201293736477,
   -0.015728628460629897,
   -39.83510485891923
  ],
  [
   -0.8629475940567692,
   -0.5050624839814564,
   0.015275378427870606,
   -67.00585812213313
  ],
  [
   0.00523596383141958,
   0.021291116037522727,
   0.9997596076360722,
   1.286438318170993
  ],
  [
   0.0,
   0.0,
   0.0,
   1.0
  ]
 ],
 "vV": [
  9.858920888056232,
  0.0046326002534903925,
  0.04950976703277793
 ],
 "vA": [
  1.2637460938591656,
  0.8166697948784725,
  10.263156817759329
 ],
 "W": [
  -0.02495820830351891,
  0.0020943951023931952,
  0.01064650843716541
 ]
}