{
 "gTv": [
  [
   -0.5007410122152999,
   0.8653696923771294,
   -0.019842736724282523,
   -52.36002778826805
  ],
  [
   -0.8655813210602182,
   -0.5007389317857173,
   0.005431282145659636,
   -88.55101278238553
  ],
  [
   -0.005235963831419581,
   0.019895167986499068,
   0.9997883610912585,
   1.2133301308976816
  ],
  [
   0.0,
   0.0,
   0.0,
   1.0
  ]
 ],
 "vV": [
  11.584831853498617,
  0.004512915734223275,
  -0.03691055665227908
 ],
 "vA": [
  0.6335619827516459,
  -0.1831558125097242,
  8.507582418746505
 ],
 "W": [
  0.048171087355043496,
  0.035953782591083186,
  -0.0024434609527920616
 ]
}