{
 "gTv": [
  [
   -0.016570362521525328,
   0.9998497429490559,
   -0.005090639509191954,
   -28.39543255044795
  ],
  [
   -0.9998246199529702,
   -0.016525080792727853,
   0.008811982790096998,
   -45.45812315193226
  ],
  [
   0.008726535498373936,
   0.005235764461960768,
   0.9999482158335475,
   1.3382764305227475
  ],
  [
   0.0,
   0.0,
   0.0,
   1.0
  ]
 ],
 "vV": [
  4.84917562522873,
  -0.24416704456645338,
  0.05511537158452774
 ],
 "vA": [
  1.1843440283688709,
  -6.458534600190127,
  9.044294607908016
 ],
 "W": [
  0.0010471975511965976,
  0.03316125578789226,
  -0.4134684997974567
 ]
}