{
 "gTv": [
  [
   0.9798054656707249,
   -0.19916589493786854,
   0.017725567279251925,
   -41.972481640136806
  ],
  [
   0.19917465048798824,
   0.9799631625053924,
   0.0012879190258651245,
   -33.09347539420029
  ],
  [
   -0.017626912513571756,
   0.002268573566662358,
   0.9998420602921299,
   1.420378765937751
  ],
  [
   0.0,
   0.0,
   0.0,
   1.0
  ]
 ],
 "vV": [
  6.469599774181336,
  -0.1692235854181614,
  -0.07491004978710109
 ],
 "vA": [
  -1.6095464769074257,
  -6.454557388880135,
  10.059280472886416
 ],
 "W": [
  -0.011344640137963142,
  -0.014486232791552938,
  -0.3426081321664869
 ]
}