{
 "gTv": [
  [
   0.8773649525766235,
   -0.4794467369498619,
   0.019014899903740362,
   -70.24510681805131
  ],
  [
   0.47975648440545765,
   0.8772160986538033,
   -0.018045274548108947,
   -47.93404255399759
  ],
  [
   -0.008028428310396473,
   0.024954812977273907,
   0.9996563417735788,
   1.5522162753643034
  ],
  [
   0.0,
   0.0,
   0.0,
   1.0
  ]
 ],
 "vV": [
  11.279145049027155,
  -0.004277224901237636,
  -0.02103523484747892
 ],
 "vA": [
  -1.4665590909114683,
  1.7432853792503493,
  9.48712071518346
 ],
 "W": [
  0.016231562043547268,
  0.01064650843716541,
  0.06230825429619757
 ]
}