{
 "gTv": [
  [
   0.6247654865375757,
   0.7808073181509118,
   -0.002831740356617116,
   -30.156656632210655
  ],
  [
   -0.7806579396759984,
   0.6245655995137157,
   -0.022158364671114355,
   -37.770838073307
  ],
  [
   -0.015532805679964956,
   0.016054402077119886,
   0.9997504629264518,
   1.2703663575534778
  ],
  [
   0.0,
   0.0,
   0.0,
   1.0
  ]
 ],
 "vV": [
  0.9187328382966004,
  -0.05829337290513646,
  -0.010538438612096307
 ],
 "vA": [
  -1.192245395727112,
  -0.1284421288874404,
  9.780999770306614
 ],
 "W": [
  -0.004886921905584123,
  -0.0010471975511965976,
  -0.07609635538695277
 ]
}