{
 "gTv": [
  [
   0.9993685867181973,
   -0.027013916296473404,
   0.023079779184385335,
   -38.91976524470294
  ],
  [
   0.027050996025257252,
   0.9996332149423909,
   -0.001295838717243669,
   -32.94933373562315
  ],
  [
   -0.023036308187606234,
   0.00191935152244715,
   0.9997327865959077,
   1.3787209318606475
  ],
  [
   0.0,
   0.0,
   0.0,
   1.0
  ]
 ],
 "vV": [
  5.741222532059064,
  -0.2079417102401015,
  -0.046910147500044234
 ],
 "vA": [
  -1.6691355288040461,
  -5.7101737479649985,
  9.280981542673002
 ],
 "W": [
  -0.0317649923862968,
  -0.0015707963267948967,
  -0.3495894491744642
 ]
}