{
 "gTv": [
  [
   0.1043455140765403,
   0.9945253744601635,
   -0.005594036733330572,
   -28.31430201605663
  ],
  [
   -0.9943657766385557,
   0.10443108096401227,
   0.018189325954785535,
   -44.08929930206196
  ],
  [
   0.01867393750937516,
   0.003664544113425011,
   0.9998189111905897,
   1.3113304993041432
  ],
  [
   0.0,
   0.0,
   0.0,
   1.0
  ]
 ],
 "vV": [
  4.406258766839664,
  -0.255294279251955,
  0.03741495204665829
 ],
 "vA": [
  0.9922972101796079,
  -5.306222597198788,
  9.897510902710325
 ],
 "W": [
  0.034732052114687155,
  0.0027925268031909274,
  -0.37803831598197174
 ]
}