{
 "gTv": [
  [
   -0.5002894331313861,
   0.8656521089498626,
   -0.018892045091292678,
   -50.06727293113013
  ],
  [
   -0.8658463438167556,
   -0.5002778148838671,
   0.005675987506972862,
   -84.58338108534267
  ],
  [
   -0.004537840481175259,
   0.019197244741841334,
   0.9998054179679609,
   1.2335784553088083
  ],
  [
   0.0,
   0.0,
   0.0,
   1.0
  ]
 ],
 "vV": [
  11.360666937388585,
  -0.0002768783768962637,
  0.03376899488645045
 ],
 "vA": [
  0.9899477347396748,
  -0.16796872415939573,
  8.464443425685785
 ],
 "W": [
  -0.022165681500327987,
  0.015707963267948967,
  -0.003490658503988659
 ]
}