{
 "gTv": [
  [
   -0.5123341005493323,
   0.8586023583165904,
   -0.01776962879453061,
   -37.409636363669
  ],
  [
   -0.8587840727144719,
   -0.5122693903381763,
   0.008365893526536697,
   -62.911837263552805
  ],
  [
   -0.001919860997799996,
   0.019546406722001017,
   0.9998071074552364,
   1.2943580314763792
  ],
  [
   0.0,
   0.0,
   0.0,
   1.0
  ]
 ],
 "vV": [
  9.221318314204675,
  -0.0031454228681830516,
  -0.07031823426009655
 ],
 "vA": [
  1.3426958507278175,
  0.027983757100145026,
  10.488748729108712
 ],
 "W": [
  0.02583087292951608,
  -0.004886921905584123,
  0.0017453292519943296
 ]
}