{
 "gTv": [
  [
   0.8943779970562865,
   -0.44722955284442817,
   0.008586352203240005,
   -76.43588346797885
  ],
  [
   0.4472954895490499,
   0.8943450360680962,
   -0.008584957159557437,
   -51.17790107136089
  ],
  [
   -0.003839714919242615,
   0.01151883340136781,
   0.9999262838161674,
   1.564171416715412
  ],
  [
   0.0,
   0.0,
   0.0,
   1.0
  ]
 ],
 "vV": [
  11.985891283713475,
  -0.0008100766804050377,
  0.03296757987899904
 ],
 "vA": [
  -1.1669527617186892,
  2.0501626732234675,
  9.242462957466698
 ],
 "W": [
  0.02391101075232232,
  0.022689280275926284,
  0.05811946409141117
 ]
}