{
 "gTv": [
  [
   -0.5136622339469518,
   0.8576404684342005,
   -0.024575115881551007,
   -33.06409300064801
  ],
  [
   -0.8579444872063795,
   -0.51372573451141,
   0.004138426379013314,
   -55.61917125971055
  ],
  [
   -0.009075587518675376,
   0.02320983853190361,
   0.999689420323389,
   1.3519865359865109
  ],
  [
   0.0,
   0.0,
   0.0,
   1.0
  ]
 ],
 "vV": [
  7.735125998809361,
  -0.04578820958224815,
  -0.05104736510280479
 ],
 "vA": [
  1.6478081066645422,
  0.6175603298059644,
  10.094788113350996
 ],
 "W": [
  -0.023212879051524585,
  0.0,
  -0.0027925268031909274
 ]
}