{
 "gTv": [
  [
   0.5094959110120945,
   0.860382735565058,
   -0.01246856060431542,
   -29.37149203542955
  ],
  [
   -0.8604645101637225,
   0.5095020072901661,
   -0.0029208416589446484,
   -39.248784742057694
  ],
  [
   0.0038397149192426136,
   0.012216910774785036,
   0.9999179984781051,
   1.2664691102411298
  ],
  [
   0.0,
   0.0,
   0.0,
   1.0
  ]
 ],
 "vV": [
  1.8731698083869008,
  -0.1069468298346899,
  -0.02845981382371694
 ],
 "vA": [
  1.616539738608154,
  -0.8481861472678165,
  9.756583669988618
 ],
 "W": [
  -0.02617993877991494,
  -0.007504915783575617,
  -0.1335176877775662
 ]
}