{
 "gTv": [
  [
   0.8510267021067742,
   -0.5247719169217948,
   0.01918300058626577,
   -57.75030324714982
  ],
  [
   0.5249998637739033,
   0.8510493755293801,
   -0.009492283625938106,
   -40.52866832581667
  ],
  [
   -0.01134439679537231,
   0.018149259524208476,
   0.9997709282831103,
   1.4815493351905924
  ],
  [
   0.0,
   0.0,
   0.0,
   1.0
  ]
 ],
 "vV": [
  9.472365988230758,
  0.0069432669999714225,
  -0.04299519321420203
 ],
 "vA": [
  -1.0901512463270902,
  -0.18033430122082184,
  9.85000037029502
 ],
 "W": [
  -0.0158824961931484,
  -0.007504915783575617,
  -0.004886921905584123
 ]
}