{
 "gTv": [
  [
   -0.5022509731759561,
   0.8644159214293361,
   -0.023001624361710146,
   -43.44037790715785
  ],
  [
   -0.8647060452122222,
   -0.502225116334968,
   0.007306702112901622,
   -73.18813010803933
  ],
  [
   -0.0052359638314195805,
   0.023559441882183133,
   0.9997087262702854,
   1.2731420330161605
  ],
  [
   0.0,
   0.0,
   0.0,
   1.0
  ]
 ],
 "vV": [
  10.582027300721238,
  -0.028298065477779952,
  -0.012842434582701463
 ],
 "vA": [
  1.062946484571105,
  0.07287755075312345,
  9.377762689240246
 ],
 "W": [
  -0.02809980095710871,
  0.02775073510670984,
  0.0008726646259971648
 ]
}