{
 "gTv": [
  [
   0.6798435260246937,
   0.7333555135035387,
   0.001571921204405571,
   -30.5910167491426
  ],
  [
   -0.7331238306294617,
   0.6796796964642912,
   -0.023768869922515708,
   -37.11748100646137
  ],
  [
   -0.018499434734501483,
   0.015006699442923876,
   0.9997162446846274,
   1.2795031464399105
  ],
  [
   0.0,
   0.0,
   0.0,
   1.0
  ]
 ],
 "vV": [
  1.7180850265750243,
  -0.13082787604292384,
  -0.020036577737798673
 ],
 "vA": [
  -1.5310406585802312,
  -0.6960272210235017,
  9.753095510559087
 ],
 "W": [
  0.005061454830783556,
  -0.0008726646259971648,
  -0.1736602605734358
 ]
}