{
 "gTv": [
  [
   -0.5008961891141619,
   0.8652490223038285,
   -0.021145617351562108,
   -47.80961078531279
  ],
  [
   -0.8655010173780067,
   -0.5008366068644619,
   0.008407267221155269,
   -80.70490205012064
  ],
  [
   -0.003316119501059034,
   0.02251272144280412,
   0.9997410568365657,
   1.2437813894970247
  ],
  [
   0.0,
   0.0,
   0.0,
   1.0
  ]
 ],
 "vV": [
  11.15205105691672,
  -0.029049212078205783,
  -0.07422681665084738
 ],
 "vA": [
  0.6115101366409191,
  -0.024746232152898628,
  11.240907032354777
 ],
 "W": [
  -0.02757620218151041,
  -0.04276056667386108,
  0.0038397243543875246
 ]
}