{
 "gTv": [
  [
   0.7389391575964078,
   0.6737535416341426,
   0.005008643145689281,
   -31.074599224518195
  ],
  [
   -0.6735505887074834,
   0.7388663744320259,
   -0.02015155541083287,
   -36.48303647833958
  ],
  [
   -0.01727789982936457,
   0.011517198840133457,
   0.9997843909105418,
   1.2900509456479547
  ],
  [
   0.0,
   0.0,
   0.0,
   1.0
  ]
 ],
 "vV": [
  2.299231255155177,
  -0.17703146849620938,
  -0.017498130207526545
 ],
 "vA": [
  -1.6889165392042762,
  -1.5676148822159015,
  9.921640988708516
 ],
 "W": [
  0.010821041362364843,
  0.006632251157578452,
  -0.24661502330679877
 ]
}