{
 "gTv": [
  [
   0.8714905818548628,
   -0.48981052836773054,
   0.024286046166415668,
   -68.29408743729394
  ],
  [
   0.49026861745029626,
   0.8713648148507563,
   -0.01897477756080585,
   -46.84470283334971
  ],
  [
   -0.011867960298537237,
   0.028443026214375965,
   0.9995249600575868,
   1.540855603894342
  ],
  [
   0.0,
   0.0,
   0.0,
   1.0
  ]
 ],
 "vV": [
  11.017445907470355,
  0.0009997304021870553,
  -0.02918698387856034
 ],
 "vA": [
  -1.2951328020079094,
  1.9362650684981064,
  9.095704120371256
 ],
 "W": [
  0.012566370614359173,
  0.017278759594743863,
  0.05794493116621175
 ]
}