{
 "gTv": [
  [
   0.41102825552721606,
   0.911549731734524,
   -0.011526479643459523,
   -28.854806295683847
  ],
  [
   -0.9115774277972468,
   0.4111009070037526,
   0.004757876758337944,
   -40.54184111606704
  ],
  [
   0.009075587518675378,
   0.008551656880949027,
   0.9999222484152364,
   1.2682253699761332
  ],
  [
   0.0,
   0.0,
   0.0,
   1.0
  ]
 ],
 "vV": [
  2.827697643459653,
  -0.1785190372268266,
  -0.006414320752569523
 ],
 "vA": [
  1.3394565638457256,
  -2.3817325865387082,
  9.996207306874453
 ],
 "W": [
  0.005061454830783556,
  -0.0054105206811824215,
  -0.24713862208239704
 ]
}