{
 "gTv": [
  [
   0.5831175852032952,
   0.8123416412809461,
   -0.00865677004757289,
   -29.85442428918359
  ],
  [
   -0.8123760479967166,
   0.5830188348378476,
   -0.011584250755018411,
   -38.288306009804884
  ],
  [
   -0.004363309284746571,
   0.013787532966319396,
   0.9998954272656658,
   1.2739012627731716
  ],
  [
   0.0,
   0.0,
   0.0,
   1.0
  ]
 ],
 "vV": [
  0.6196077582370568,
  -0.04905307009059233,
  -0.017376680292287627
 ],
 "vA": [
  1.2477457724688734,
  -0.2142319539552965,
  9.882538625668191
 ],
 "W": [
  0.00017453292519943296,
  -0.007853981633974483,
  -0.05235987755982988
 ]
}