{
 "gTv": [
  [
   -0.5015021338935931,
   0.8649590755328604,
   -0.018477211735310087,
   -57.684850469294716
  ],
  [
   -0.8651542774753651,
   -0.501433905878894,
   0.008492008073171351,
   -97.71066147966715
  ],
  [
   -0.0019198609977999943,
   0.020244398938358596,
   0.9997932178432565,
   1.1943225673331177
  ],
  [
   0.0,
   0.0,
   0.0,
   1.0
  ]
 ],
 "vV": [
  11.983238011537804,
  -0.004499095608624042,
  0.036471344017849336
 ],
 "vA": [
  0.5080802974644235,
  0.3276001634648624,
  9.439152186148068
 ],
 "W": [
  -0.009250245035569947,
  0.022689280275926284,
  0.006108652381980153
 ]
}