{
 "gTv": [
  [
   -0.5124764230519954,
   0.8585551921710852,
   -0.01583975416169442,
   -36.48083620228701
  ],
  [
   -0.858681980331268,
   -0.5125014256996809,
   0.0027468727975898605,
   -61.35934886792684
  ],
  [
   -0.005759554687996557,
   0.01500901901741189,
   0.9998707700887804,
   1.323415184915018
  ],
  [
   0.0,
   0.0,
   0.0,
   1.0
  ]
 ],
 "vV": [
  8.970509570295611,
  0.0038903025573553355,
  -0.12164677133474067
 ],
 "vA": [
  1.383698311160856,
  0.10187474150339322,
  10.189780557161319
 ],
 "W": [
  -0.00017453292519943296,
  -0.05480333851262195,
  0.003490658503988659
 ]
}