{
 "gTv": [
  [
   0.8819204816830365,
   -0.47114401956779406,
   0.015478269071929352,
   -49.45058377910896
  ],
  [
   0.47130743617652315,
   0.8819195345479163,
   -0.009339977917502098,
   -35.67416556157146
  ],
  [
   -0.00925011311679697,
   0.015532141136653767,
   0.9998365806465762,
   1.4423220357005173
  ],
  [
   0.0,
   0.0,
   0.0,
   1.0
  ]
 ],
 "vV": [
  8.02367371290971,
  -0.06195647395804603,
  -0.018517499615980815
 ],
 "vA": [
  -1.1929456729731422,
  -4.085254987753597,
  10.56406344347435
 ],
 "W": [
  -0.026703537555513242,
  -0.024085543677521748,
  -0.15044738152191123
 ]
}