{
 "gTv": [
  [
   0.656628019604589,
   0.7542140765735347,
   -0.0008778203036513502,
   -30.407485842093767
  ],
  [
   -0.7540206348824091,
   0.6564323240722495,
   -0.023441119526029716,
   -37.38354793373863
  ],
  [
   -0.01710339269513069,
   0.016053990514363216,
   0.9997248338152256,
   1.2698822018298688
  ],
  [
   0.0,
   0.0,
   0.0,
   1.0
  ]
 ],
 "vV": [
  1.4392463983298984,
  -0.09637909910224127,
  -0.022935284264028553
 ],
 "vA": [
  -1.358240225096413,
  -0.40384035664230383,
  9.870825423703463
 ],
 "W": [
  0.0054105206811824215,
  -0.010471975511965976,
  -0.13857914260834978
 ]
}