{
 "gTv": [
  [
   0.9724484708214767,
   -0.2323621866138042,
   0.018755954495135414,
   -42.61658023233548
  ],
  [
   0.232396575891944,
   0.9726210492623999,
   0.0003550287433965434,
   -33.19297159503652
  ],
  [
   -0.018324931396102802,
   0.004013572443640946,
   0.9998240285798137,
   1.420082950507624
  ],
  [
   0.0,
   0.0,
   0.0,
   1.0
  ]
 ],
 "vV": [
  6.600285230560482,
  -0.17794450691320335,
  -0.060125998809359975
 ],
 "vA": [
  -1.6124267776702974,
  -6.725902549326935,
  9.767544836910215
 ],
 "W": [
  -0.0027925268031909274,
  0.0,
  -0.3387684078120993
 ]
}