{
 "gTv": [
  [
   0.9888407359511404,
   0.14789652597842137,
   0.01790576798468294,
   -36.260002698586376
  ],
  [
   -0.14795070947161773,
   0.9889932178404764,
   0.001732810545059287,
   -33.31597730878642
  ],
  [
   -0.017452406437283515,
   -0.0043626447316083405,
   0.9998381773269582,
   1.3507298384173294
  ],
  [
   0.0,
   0.0,
   0.0,
   1.0
  ]
 ],
 "vV": [
  4.9919525017070105,
  -0.2196772375059921,
  -0.012170166826539278
 ],
 "vA": [
  -1.8698943310478768,
  -5.240008682212419,
  9.79831685800691
 ],
 "W": [
  -0.024609142453120045,
  -0.003490658503988659,
  -0.3536037064540512
 ]
}