{
 "gTv": [
  [
   0.06592481007463946,
   0.9978043737329351,
   -0.006352257555223526,
   -28.319422240676744
  ],
  [
   -0.9976780008474372,
   0.06602290861417326,
   0.01672071060648006,
   -44.533818049675546
  ],
  [
   0.017103392695130695,
   0.005235197947518231,
   0.9998400205336684,
   1.320788831418323
  ],
  [
   0.0,
   0.0,
   0.0,
   1.0
  ]
 ],
 "vV": [
  4.540762119395883,
  -0.2655417086883824,
  0.07242435679582424
 ],
 "vA": [
  1.1755440792976573,
  -5.226474076764158,
  9.908445682610825
 ],
 "W": [
  -0.0010471975511965976,
  0.024609142453120045,
  -0.39444441095071847
 ]
}