{
 "gTv": [
  [
   0.8970091614883005,
   -0.4418665960510418,
   0.011334703362747594,
   -48.03692946490739
  ],
  [
   0.44197666421045273,
   0.8969666141578359,
   -0.01036925164265997,
   -34.982340271351454
  ],
  [
   -0.00558502457082831,
   0.014310988103325786,
   0.9998819945973874,
   1.4435028781733412
  ],
  [
   0.0,
   0.0,
   0.0,
   1.0
  ]
 ],
 "vV": [
  7.741010443445594,
  -0.08736224490476868,
  -0.02838562685853167
 ],
 "vA": [
  -1.2252933873335203,
  -4.239611030349876,
  9.544918625861905
 ],
 "W": [
  -0.0010471975511965976,
  -0.010995574287564275,
  -0.17435839227423353
 ]
}