{
 "gTv": [
  [
   0.6388301008414597,
   0.7693430323939694,
   -0.002720434844281596,
   -30.26774014183878
  ],
  [
   -0.7691874819845652,
   0.6386207593705683,
   -0.02267472732366385,
   -37.59383465482169
  ],
  [
   -0.015707317311820675,
   0.01657782277050482,
   0.999739193977637,
   1.2702865356161837
  ],
  [
   0.0,
   0.0,
   0.0,
   1.0
  ]
 ],
 "vV": [
  1.1602947809171658,
  -0.07367702673300355,
  -0.01067952474564222
 ],
 "vA": [
  -1.2875945429309927,
  -0.1805846120714785,
  9.873304207613142
 ],
 "W": [
  -0.003316125578789226,
  -0.0017453292519943296,
  -0.10629055144645466
 ]
}