{
 "gTv": [
  [
   0.6098116092713787,
   0.7925331529434536,
   -0.004582868464195765,
   -30.03862060396201
  ],
  [
   -0.7924140110675031,
   0.6095938602653332,
   -0.021802765666784282,
   -37.958812001551465
  ],
  [
   -0.014485726138606467,
   0.01692710879973662,
   0.9997517875582516,
   1.2706452645758743
  ],
  [
   0.0,
   0.0,
   0.0,
   1.0
  ]
 ],
 "vV": [
  0.578898767795785,
  -0.042549651152373115,
  -0.006386427249529999
 ],
 "vA": [
  -1.0156872417353398,
  0.008833961348926996,
  9.812223769775034
 ],
 "W": [
  0.008028514559173916,
  -0.005759586531581288,
  -0.04991641660703782
 ]
}