{
 "gTv": [
  [
   0.30681425584996413,
   0.9516642472993275,
   -0.014148244394146314,
   -28.54159715791316
  ],
  [
   -0.9515896086663285,
   0.3070113330615748,
   0.014874745376581577,
   -41.74801590313525
  ],
  [
   0.01849943473450148,
   0.008899538412667697,
   0.9997892623600959,
   1.2910328394509767
  ],
  [
   0.0,
   0.0,
   0.0,
   1.0
  ]
 ],
 "vV": [
  3.4598787507080755,
  -0.21080094112633424,
  0.02327656956866337
 ],
 "vA": [
  1.415810384610648,
  -3.160588229962635,
  9.720555511232178
 ],
 "W": [
  -0.0158824961931484,
  -0.003316125578789226,
  -0.30874874467779695
 ]
}