{
 "gTv": [
  [
   0.7914598790907006,
   0.6111763167091785,
   0.007400654264014575,
   -31.580600304335835
  ],
  [
   -0.6110368087642811,
   0.791460541308538,
   -0.014974307555252035,
   -35.90323627537245
  ],
  [
   -0.015009267966723678,
   0.0073294914828955044,
   0.9998604904834,
   1.300950431786099
  ],
  [
   0.0,
   0.0,
   0.0,
   1.0
  ]
 ],
 "vV": [
  2.7344719001477356,
  -0.21484335048177272,
  -0.03035105901640464
 ],
 "vA": [
  -1.704602200159218,
  -2.3781665712234763,
  9.768949945885531
 ],
 "W": [
  0.015707963267948967,
  -0.003490658503988659,
  -0.2986258350162298
 ]
}