{
 "gTv": [
  [
   0.5728640324959201,
   0.8196025416444361,
   -0.00885855532771954,
   -29.787525639892944
  ],
  [
   -0.8196405834861786,
   0.5727707734571645,
   -0.011088506469245918,
   -38.42116451329992
  ],
  [
   -0.004014246498463718,
   0.013613037987985951,
   0.9998992804386788,
   1.2740162168255948
  ],
  [
   0.0,
   0.0,
   0.0,
   1.0
  ]
 ],
 "vV": [
  0.8583600712240251,
  -0.06491712129970639,
  -0.005398824314708599
 ],
 "vA": [
  1.224579456264428,
  -0.24810841995556449,
  9.77258669200831
 ],
 "W": [
  -0.002967059728390361,
  -0.0008726646259971648,
  -0.06894050545377602
 ]
}