{
 "gTv": [
  [
   0.8635098425540682,
   -0.5037298113749383,
   0.024637957391343723,
   -65.47938481824086
  ],
  [
   0.5042004227815399,
   0.863369609640377,
   -0.019361064442320896,
   -45.22564429380783
  ],
  [
   -0.011518918315752344,
   0.029140938241456752,
   0.9995089395494383,
   1.520925507178305
  ],
  [
   0.0,
   0.0,
   0.0,
   1.0
  ]
 ],
 "vV": [
  10.632847499745216,
  0.004554365827278162,
  -0.07015175794925724
 ],
 "vA": [
  -1.2161692125682402,
  1.504293902941001,
  9.861253567678968
 ],
 "W": [
  -0.004537856055185257,
  0.00017453292519943296,
  0.0466002910282486
 ]
}