{
 "gTv": [
  [
   0.6312817893804472,
   0.7755484676065052,
   -0.0028065619220477974,
   -30.208355373726842
  ],
  [
   -0.775394469015279,
   0.6310748806523472,
   -0.022536912613292107,
   -37.69348760015728
  ],
  [
   -0.015707317311820675,
   0.016403335112934566,
   0.9997420721266252,
   1.2702952312987696
  ],
  [
   0.0,
   0.0,
   0.0,
   1.0
  ]
 ],
 "vV": [
  1.0445859758298603,
  -0.06209005910051589,
  -0.005465429918689056
 ],
 "vA": [
  -1.2372377226272893,
  -0.12599304464386177,
  9.851999635658055
 ],
 "W": [
  -0.0020943951023931952,
  -0.0012217304763960308,
  -0.09389871375729493
 ]
}