{
 "gTv": [
  [
   0.916986868991668,
   -0.39891735248549054,
   -0.00016728067646529514,
   -87.70770211681024
  ],
  [
   0.39891723483687047,
   0.9169860703748639,
   0.0012595588794045564,
   -56.46997114886639
  ],
  [
   -0.00034906584331009674,
   -0.0012217300980330145,
   0.9999991927639768,
   1.5458269134612412
  ],
  [
   0.0,
   0.0,
   0.0,
   1.0
  ]
 ],
 "vV": [
  12.893076119725801,
  0.011504496377024637,
  0.04991322903637493
 ],
 "vA": [
  -1.1700648574181325,
  1.9770210999157196,
  10.020490771071385
 ],
 "W": [
  0.010995574287564275,
  -0.0019198621771937623,
  0.05480333851262195
 ]
}