{
 "gTv": [
  [
   0.9829184123590431,
   0.18316178075182404,
   0.017976560221541423,
   -35.781560472142665
  ],
  [
   -0.18322900650023843,
   0.9830679006875918,
   0.0021526297003218947,
   -33.44436615624301
  ],
  [
   -0.017277899829364573,
   -0.00540968663712206,
   0.9998360913009564,
   1.3508294667249017
  ],
  [
   0.0,
   0.0,
   0.0,
   1.0
  ]
 ],
 "vV": [
  4.838031675435433,
  -0.20961811823232201,
  -0.0467286552489854
 ],
 "vA": [
  -1.7746706072663356,
  -5.366487550667359,
  9.283679372609814
 ],
 "W": [
  0.0027925268031909274,
  -0.006108652381980153,
  -0.3609340893124273
 ]
}