{
 "gTv": [
  [
   0.9237384013656963,
   -0.3827660850105751,
   0.014053113819527322,
   -45.95592224469287
  ],
  [
   0.3828234789832712,
   0.9238202204357133,
   -0.0015441027344782524,
   -34.10912768220714
  ],
  [
   -0.012391520548033537,
   0.006806208914430676,
   0.999900057875146,
   1.441780130653928
  ],
  [
   0.0,
   0.0,
   0.0,
   1.0
  ]
 ],
 "vV": [
  7.300446729979976,
  -0.09909943014846552,
  0.009616467779090185
 ],
 "vA": [
  -1.4709166920501375,
  -6.032633886696145,
  9.492239382169668
 ],
 "W": [
  -0.05270894341022875,
  0.023038346126325153,
  -0.26668630970473356
 ]
}