{
 "gTv": [
  [
   0.8513995496219396,
   -0.5241720173939303,
   0.019039513773619426,
   -56.949741557692086
  ],
  [
   0.5244096328674671,
   0.8513999441506195,
   -0.01061470942280254,
   -40.036219166212256
  ],
  [
   -0.010646307311313758,
   0.019021863249940686,
   0.9997623841989325,
   1.4817194683911352
  ],
  [
   0.0,
   0.0,
   0.0,
   1.0
  ]
 ],
 "vV": [
  9.341436314519138,
  0.01831588494037696,
  -0.04021291655517514
 ],
 "vA": [
  -1.2668050410649003,
  -0.33864519695521766,
  9.72180782242237
 ],
 "W": [
  0.021118483949131385,
  -0.0038397243543875246,
  -0.007504915783575617
 ]
}