{
 "gTv": [
  [
   -0.5025502942483926,
   0.8642621092818009,
   -0.02223079419693455,
   -43.97707437897834
  ],
  [
   -0.8645263943808078,
   -0.5025532686322844,
   0.005858805844780705,
   -74.10690862887974
  ],
  [
   -0.006108614390678361,
   0.022163452952536356,
   0.9997356981639931,
   1.2629477843987575
  ],
  [
   0.0,
   0.0,
   0.0,
   1.0
  ]
 ],
 "vV": [
  10.680511931947681,
  0.006957026298562931,
  -0.017867367002623636
 ],
 "vA": [
  1.0675934429253167,
  -0.24042678130555126,
  9.956168787721388
 ],
 "W": [
  0.05078908123303499,
  -0.0005235987755982988,
  -0.008028514559173916
 ]
}