{
 "gTv": [
  [
   -0.5022547980756531,
   0.8645374867413116,
   -0.017749699405943654,
   -41.34747627943333
  ],
  [
   -0.8647126303938681,
   -0.5022277462501061,
   0.00627357424891293,
   -69.60549358350977
  ],
  [
   -0.003490651415223732,
   0.018499322029614396,
   0.999822779515021,
   1.2839328469853915
  ],
  [
   0.0,
   0.0,
   0.0,
   1.0
  ]
 ],
 "vV": [
  10.183248532033469,
  -0.01082233142476475,
  0.02704047302311149
 ],
 "vA": [
  1.0884809825173094,
  0.03983647800652175,
  9.673271519792715
 ],
 "W": [
  0.004537856055185257,
  0.022514747350726852,
  0.006981317007977318
 ]
}