{
 "gTv": [
  [
   0.9138543453286686,
   -0.4058263830819441,
   0.013235645754475963,
   -46.64050846492945
  ],
  [
   0.4059286779530771,
   0.9138840518102487,
   -0.006152094127210399,
   -34.38076338634255
  ],
  [
   -0.009599163462400142,
   0.01099484613399189,
   0.9998934790362983,
   1.4424370489244154
  ],
  [
   0.0,
   0.0,
   0.0,
   1.0
  ]
 ],
 "vV": [
  7.440875453662143,
  -0.08974817588070746,
  0.018579761095453055
 ],
 "vA": [
  -1.583679134461163,
  -5.121154643102891,
  9.202686906633925
 ],
 "W": [
  -0.03298672286269283,
  0.03316125578789226,
  -0.22951079663725432
 ]
}