{
 "gTv": [
  [
   -0.23359923557507511,
   0.9723223204739593,
   0.004549972184096941,
   -28.97849675520257
  ],
  [
   -0.9723012462089984,
   -0.23362685505626501,
   0.006984211977605379,
   -47.99397778400532
  ],
  [
   0.007853900888711336,
   -0.0027924370457508316,
   0.999965258664608,
   1.3683785936787887
  ],
  [
   0.0,
   0.0,
   0.0,
   1.0
  ]
 ],
 "vV": [
  5.618739244829628,
  -0.26575103886059404,
  0.028654259035819453
 ],
 "vA": [
  1.1467170944134562,
  -7.522360794989082,
  9.341525048171851
 ],
 "W": [
  0.05515240436302082,
  0.0038397243543875246,
  -0.4396484385773716
 ]
}