{
 "gTv": [
  [
   -0.5011999319572447,
   0.8650351819909172,
   -0.02264425145580925,
   -54.117547495378346
  ],
  [
   -0.8653289788985585,
   -0.5010901653566531,
   0.0106960021138734,
   -91.56530011088046
  ],
  [
   -0.002094393571219372,
   0.02495556252186551,
   0.9996863675247283,
   1.204026463467712
  ],
  [
   0.0,
   0.0,
   0.0,
   1.0
  ]
 ],
 "vV": [
  11.73202724286129,
  -0.00804328812021852,
  -0.016055017847976007
 ],
 "vA": [
  0.4906775209464771,
  -0.6585892241142673,
  10.985518095698817
 ],
 "W": [
  0.020071286397934793,
  -0.00645771823237902,
  -0.004014257279586958
 ]
}