{
 "gTv": [
  [
   0.5506338157554445,
   0.8346760011135362,
   -0.010879986751616907,
   -29.639689103031046
  ],
  [
   -0.8347468353337054,
   0.5505815439004116,
   -0.007595025780271649,
   -38.69690871013767
  ],
  [
   -0.0003490658433100962,
   0.013264112535536806,
   0.9999119668609241,
   1.2751483762749198
  ],
  [
   0.0,
   0.0,
   0.0,
   1.0
  ]
 ],
 "vV": [
  1.2648457576595358,
  -0.08990047230196394,
  -0.019916746440908052
 ],
 "vA": [
  1.3707145422074367,
  -0.5419084086285052,
  9.877187932610877
 ],
 "W": [
  0.010821041362364843,
  -0.01780235837034216,
  -0.1054178868204575
 ]
}