{
 "gTv": [
  [
   -0.5010358844077295,
   0.8651102778281134,
   -0.023393369400947245,
   -47.252840497461634
  ],
  [
   -0.8653939679893161,
   -0.5010683796465992,
   0.004874329291135562,
   -79.7422698166999
  ],
  [
   -0.00750484533292697,
   0.022686694657804193,
   0.9997144548229924,
   1.2424941916565884
  ],
  [
   0.0,
   0.0,
   0.0,
   1.0
  ]
 ],
 "vV": [
  11.097415949063711,
  0.0059433344461654,
  -0.08224807596587053
 ],
 "vA": [
  0.6786485456358448,
  -0.3452853579824749,
  10.791249590404073
 ],
 "W": [
  0.017453292519943295,
  -0.04293509959906051,
  -0.0031415926535897933
 ]
}