{
 "gTv": [
  [
   0.6009283320698804,
   0.7992847681483494,
   -0.005385083263128447,
   -29.979514095431405
  ],
  [
   -0.7991839838430242,
   0.6007090718255084,
   -0.021297206279906257,
   -38.069585097860056
  ],
  [
   -0.013787664214945474,
   0.017101766943085635,
   0.9997586858251946,
   1.2708512953419082
  ],
  [
   0.0,
   0.0,
   0.0,
   1.0
  ]
 ],
 "vV": [
  0.3022369113587282,
  -0.017946499839351628,
  -0.006262416021122196
 ],
 "vA": [
  -0.8090535168706043,
  0.02320473887963598,
  9.824091346384565
 ],
 "W": [
  -0.003316125578789226,
  -0.0036651914291880917,
  -0.026354471705114374
 ]
}