{
 "gTv": [
  [
   0.8750645639408837,
   -0.48363854343947826,
   0.01886181949576554,
   -50.167409285048464
  ],
  [
   0.4838691181050781,
   0.8750796335151257,
   -0.010310749305808062,
   -36.038197742317685
  ],
  [
   -0.011518918315752342,
   0.018149223310463945,
   0.9997689334111467,
   1.4414957798812047
  ],
  [
   0.0,
   0.0,
   0.0,
   1.0
  ]
 ],
 "vV": [
  8.158088384630997,
  -0.05276409701209704,
  -0.04881247806192623
 ],
 "vA": [
  -1.3610929792670943,
  -3.4323977706940694,
  10.285819387390253
 ],
 "W": [
  -0.03089232776029963,
  -0.024434609527920613,
  -0.13526301702956053
 ]
}