{
 "gTv": [
  [
   0.21145128253772744,
   0.9773827631459836,
   -0.003359972957142984,
   -28.37171544195945
  ],
  [
   -0.977133231937037,
   0.21147336883809414,
   0.02212829221942338,
   -42.844566149185475
  ],
  [
   0.02233835619357371,
   -0.0013959145353325195,
   0.9997494932557753,
   1.2926515399590959
  ],
  [
   0.0,
   0.0,
   0.0,
   1.0
  ]
 ],
 "vV": [
  3.949148101428918,
  -0.21740222578422583,
  0.031167254387118155
 ],
 "vA": [
  1.2877922175163146,
  -4.445778244594207,
  9.996379068815765
 ],
 "W": [
  -0.003490658503988659,
  0.004363323129985824,
  -0.3412118687648914
 ]
}