{
 "gTv": [
  [
   -0.513380418434081,
   0.8580319075203621,
   -0.014892670862436716,
   -34.282425569964126
  ],
  [
   -0.8581533152067814,
   -0.5132243051390565,
   0.013179537705976862,
   -57.66967020327413
  ],
  [
   0.0036651832230571073,
   0.01954631145514565,
   0.9998022345146264,
   1.346052323569254
  ],
  [
   0.0,
   0.0,
   0.0,
   1.0
  ]
 ],
 "vV": [
  8.22603479187835,
  0.0073631885905954455,
  -0.09086730048401591
 ],
 "vA": [
  1.4041399391125515,
  0.11912715038717893,
  10.64276271080323
 ],
 "W": [
  0.030019663134302467,
  -0.05672320068981571,
  0.004014257279586958
 ]
}