{
 "gTv": [
  [
   -0.5124730510586998,
   0.8584310818524863,
   -0.021620583899536666,
   -32.664474682289764
  ],
  [
   -0.8586763303740204,
   -0.5124940724575832,
   0.004978488851778328,
   -54.97223960259768
  ],
  [
   -0.006806731520561789,
   0.02111642501493034,
   0.9997538522059295,
   1.3627882601006047
  ],
  [
   0.0,
   0.0,
   0.0,
   1.0
  ]
 ],
 "vV": [
  7.577210637087186,
  -0.054842652289313995,
  -0.06354603784821261
 ],
 "vA": [
  1.877641595629456,
  -0.5156143017314034,
  9.20732371653409
 ],
 "W": [
  0.04363323129985824,
  0.031241393610698498,
  -0.02530727415391778
 ]
}