{
 "gTv": [
  [
   0.8893895444847915,
   -0.4569611060251451,
   0.013144799025127399,
   -48.74033851682414
  ],
  [
   0.45709411814952,
   0.8893629680331413,
   -0.009923620528520326,
   -35.32245666272553
  ],
  [
   -0.007155788862699963,
   0.014834374660143899,
   0.9998643588078309,
   1.4429973199702313
  ],
  [
   0.0,
   0.0,
   0.0,
   1.0
  ]
 ],
 "vV": [
  7.883284763493378,
  -0.06495257060172707,
  -0.021209852855196092
 ],
 "vA": [
  -1.2679642403826366,
  -4.164107030041341,
  9.890223581310774
 ],
 "W": [
  -0.0013962634015954637,
  -0.020245819323134222,
  -0.16615534478986016
 ]
}