{
 "gTv": [
  [
   0.828063236159642,
   0.5605323727197454,
   0.010711491679190865,
   -31.99784712228248
  ],
  [
   -0.5604194936550025,
   0.8281236135261603,
   -0.01188578360249153,
   -35.501935635091215
  ],
  [
   -0.015532805679964958,
   0.0038392516910304257,
   0.9998719878535258,
   1.3109522464420207
  ],
  [
   0.0,
   0.0,
   0.0,
   1.0
  ]
 ],
 "vV": [
  3.048184591368157,
  -0.22229436932337449,
  -0.0127924461264879
 ],
 "vA": [
  -1.8151468888626556,
  -2.7703182263255837,
  9.764151273831386
 ],
 "W": [
  0.011344640137963142,
  0.005585053606381855,
  -0.32759830059933565
 ]
}