{
 "gTv": [
  [
   0.8744043507817649,
   -0.48471774142607754,
   0.02158106764557734,
   -69.26227326263972
  ],
  [
   0.4850994808829469,
   0.8742576985188817,
   -0.01876086958442919,
   -47.38918109689401
  ],
  [
   -0.009773688199249033,
   0.026873550700843487,
   0.9995910600299072,
   1.5515811592037843
  ],
  [
   0.0,
   0.0,
   0.0,
   1.0
  ]
 ],
 "vV": [
  11.145140273074196,
  -0.0069978994236921,
  -0.016422297869465523
 ],
 "vA": [
  -1.337119940541741,
  2.0719566812423555,
  9.590808448066891
 ],
 "W": [
  0.022165681500327987,
  0.02495820830351891,
  0.060388392119003806
 ]
}