{
 "gTv": [
  [
   0.8802792302774941,
   -0.4741083266065779,
   0.018159608596368247,
   -71.24216197239012
  ],
  [
   0.4743880490494335,
   0.8801559285551589,
   -0.01677856812360801,
   -48.47922420883804
  ],
  [
   -0.008028428310396475,
   0.023384526326540606,
   0.9996943074096943,
   1.552297980238106
  ],
  [
   0.0,
   0.0,
   0.0,
   1.0
  ]
 ],
 "vV": [
  11.413323073342985,
  0.0014553517450128298,
  -0.030356799578847377
 ],
 "vA": [
  -1.2979779984717357,
  2.2426664357154213,
  9.999427708102054
 ],
 "W": [
  0.016755160819145562,
  -0.0036651914291880917,
  0.060388392119003806
 ]
}