{
 "gTv": [
  [
   -0.5097847172354945,
   0.8600953321742293,
   -0.018856342307809207,
   -38.36549183286336
  ],
  [
   -0.8603019886129437,
   -0.5096666855676636,
   0.010970779875975025,
   -64.51112531216994
  ],
  [
   -0.0001745329243133375,
   0.02181488470230143,
   0.9997620118526628,
   1.2947726867109548
  ],
  [
   0.0,
   0.0,
   0.0,
   1.0
  ]
 ],
 "vV": [
  9.495029290549555,
  -0.01553143434172537,
  -0.012313578696296642
 ],
 "vA": [
  1.269691566658729,
  0.4245478006169273,
  10.576128222231514
 ],
 "W": [
  -0.015707963267948967,
  -0.03822271061867582,
  0.019896753472735357
 ]
}