{
 "gTv": [
  [
   0.7734228590723627,
   0.6338608170777822,
   0.006127449536165586,
   -31.397381663508614
  ],
  [
   -0.633704350531695,
   0.773393895575214,
   -0.016753459469532335,
   -36.103988320180235
  ],
  [
   -0.015358293574952915,
   0.009074517093547101,
   0.9998408753186601,
   1.3007601206725408
  ],
  [
   0.0,
   0.0,
   0.0,
   1.0
  ]
 ],
 "vV": [
  2.595010502080158,
  -0.20359908348390188,
  -0.036205686320222565
 ],
 "vA": [
  -1.5225509235082753,
  -2.0159742570371355,
  9.702376417366269
 ],
 "W": [
  0.01832595714594046,
  0.009773843811168246,
  -0.28379053637427804
 ]
}