{
 "gTv": [
  [
   0.5414218225720043,
   0.8406530420005002,
   -0.012840288864124487,
   -29.580622102613013
  ],
  [
   -0.840750211072346,
   0.5413802979669182,
   -0.0068158312080104705,
   -38.81847131927027
  ],
  [
   0.0012217301724650725,
   0.014485715327726734,
   0.999894330130354,
   1.2755651265528196
  ],
  [
   0.0,
   0.0,
   0.0,
   1.0
  ]
 ],
 "vV": [
  1.4042206222603075,
  -0.09857609464893499,
  -0.01404380797275125
 ],
 "vA": [
  1.4303276797609132,
  -0.5759263656384218,
  9.822086948739893
 ],
 "W": [
  0.007853981633974483,
  -0.014486232791552938,
  -0.11257373675363426
 ]
}