{
 "gTv": [
  [
   0.7557553835740181,
   0.6548294382088333,
   0.005675125901006258,
   -31.228788496888345
  ],
  [
   -0.6546441080234107,
   0.7557041608570834,
   -0.018770005155143144,
   -36.29365703692592
  ],
  [
   -0.016579868187697525,
   0.010470344712326708,
   0.9998077214407195,
   1.2903167794762658
  ],
  [
   0.0,
   0.0,
   0.0,
   1.0
  ]
 ],
 "vV": [
  2.4537713696239223,
  -0.18653287640657623,
  -0.03114187760636843
 ],
 "vA": [
  -1.5682362456697474,
  -1.7880697718292495,
  9.838934366266066
 ],
 "W": [
  0.011519173063162576,
  0.010995574287564275,
  -0.26406831582674206
 ]
}