{
 "gTv": [
  [
   0.3620792122250626,
   0.9320378943810947,
   -0.01428311983192877,
   -28.69122001604019
  ],
  [
   -0.9320236568183011,
   0.36223826427662326,
   0.010739787004448489,
   -41.11691922557312
  ],
  [
   0.015183781002100508,
   0.009423551958492574,
   0.9998403119813513,
   1.2800171209780755
  ],
  [
   0.0,
   0.0,
   0.0,
   1.0
  ]
 ],
 "vV": [
  3.1551051615358783,
  -0.19265878320309138,
  0.022122592514313668
 ],
 "vA": [
  1.5201286014712674,
  -2.7469860256867578,
  10.189933971752396
 ],
 "W": [
  0.008203047484373348,
  -0.04363323129985824,
  -0.27995081201989047
 ]
}