{
 "gTv": [
  [
   -0.5135301866224624,
   0.8578687394845839,
   -0.01865404091959756,
   -33.87182249397913
  ],
  [
   -0.8580637003506444,
   -0.5134969985536717,
   0.006893374857797676,
   -56.97952838444459
  ],
  [
   -0.0036651832230571047,
   0.019546311455145647,
   0.9998022345146264,
   1.343826743682183
  ],
  [
   0.0,
   0.0,
   0.0,
   1.0
  ]
 ],
 "vV": [
  8.076475944135101,
  0.016465903784079288,
  -0.08257673306817728
 ],
 "vA": [
  1.6896424882204453,
  -0.04893969393721423,
  10.802171269030566
 ],
 "W": [
  0.006981317007977318,
  -0.07539822368615504,
  0.0017453292519943296
 ]
}