{
 "gTv": [
  [
   0.24424344723457708,
   0.9696945524268951,
   -0.006132982681713357,
   -28.418759530927797
  ],
  [
   -0.9694724502843123,
   0.24431887730358354,
   0.02077147883152381,
   -42.45650674705473
  ],
  [
   0.021640393312097734,
   0.0008724601540204789,
   0.9997654385857602,
   1.2923418401037499
  ],
  [
   0.0,
   0.0,
   0.0,
   1.0
  ]
 ],
 "vV": [
  3.796616681900928,
  -0.21243575770088866,
  -0.014137337591863332
 ],
 "vA": [
  1.256454843110526,
  -3.8829356901167724,
  10.292019879133868
 ],
 "W": [
  -0.052185344634630454,
  -0.02234021442552742,
  -0.3375466773357033
 ]
}