{
 "gTv": [
  [
   0.9549025171216915,
   -0.29636135452681356,
   0.018196987049791582,
   -43.933029973569404
  ],
  [
   0.2963316838486123,
   0.9550751046063971,
   0.004367803627234071,
   -33.480776150444996
  ],
  [
   -0.018673937509375165,
   0.0012215171354970622,
   0.9998248806434974,
   1.4401032095343143
  ],
  [
   0.0,
   0.0,
   0.0,
   1.0
  ]
 ],
 "vV": [
  6.878783332851239,
  -0.15684531321106301,
  -0.04835745318765562
 ],
 "vA": [
  -1.54865108117932,
  -6.809706955465372,
  9.716045756464265
 ],
 "W": [
  0.01291543646475804,
  0.003490658503988659,
  -0.32759830059933565
 ]
}