{
 "gTv": [
  [
   0.45227302099481625,
   0.8918309308694908,
   -0.009311564029727885,
   -29.02577310733731
  ],
  [
   -0.8918449589032013,
   0.4523227738813096,
   0.004083810385518425,
   -40.04315650180194
  ],
  [
   0.007853900888711334,
   0.006457474179188769,
   0.9999483072979599,
   1.267956391661502
  ],
  [
   0.0,
   0.0,
   0.0,
   1.0
  ]
 ],
 "vV": [
  2.5135230389844523,
  -0.15186635646218816,
  -0.009397517097092122
 ],
 "vA": [
  1.4739009565148864,
  -1.6692096955888578,
  9.936416042317438
 ],
 "W": [
  0.00471238898038469,
  -0.015184364492350668,
  -0.20350539078253885
 ]
}