{
 "gTv": [
  [
   0.8513963335483894,
   -0.5241318167294038,
   0.020251466917097893,
   -59.379622121257775
  ],
  [
   0.5244076519644347,
   0.8513839228753134,
   -0.01191765205863296,
   -41.53865801856283
  ],
  [
   -0.01099535272321822,
   0.02076666948205625,
   0.9997238857090066,
   1.4915237628360765
  ],
  [
   0.0,
   0.0,
   0.0,
   1.0
  ]
 ],
 "vV": [
  9.728821159593709,
  0.012417817443241042,
  -0.03994472873871492
 ],
 "vA": [
  -1.3580981742749552,
  0.4787019212975767,
  9.894088514866308
 ],
 "W": [
  -0.011693705988362009,
  0.0019198621771937623,
  0.013962634015954637
 ]
}