{
 "gTv": [
  [
   0.9988032373166574,
   0.043750598227388006,
   0.021862714390270224,
   -37.803217716667994
  ],
  [
   -0.04377446649239413,
   0.9990412498640301,
   0.0006141281811761993,
   -33.04560632223594
  ],
  [
   -0.021814885034561124,
   -0.0015704218739958455,
   0.9997607936731999,
   1.3592572345484746
  ],
  [
   0.0,
   0.0,
   0.0,
   1.0
  ]
 ],
 "vV": [
  5.450072393285746,
  -0.21673955437188985,
  -0.10659822753460715
 ],
 "vA": [
  -1.770381861192888,
  -5.7623022114306215,
  10.068376099567974
 ],
 "W": [
  -0.041713369122664476,
  -0.015533430342749534,
  -0.34644785652087445
 ]
}