{
 "gTv": [
  [
   0.8999884665968787,
   0.4356567723615427,
   0.014964514296212195,
   -33.061159017257026
  ],
  [
   -0.4356430681315429,
   0.9001090625229307,
   -0.004335060902280781,
   -34.66569192346709
  ],
  [
   -0.015358293574952917,
   -0.002617682107052456,
   0.9998786279138342,
   1.3212984653368567
  ],
  [
   0.0,
   0.0,
   0.0,
   1.0
  ]
 ],
 "vV": [
  3.6948747787302554,
  -0.26792052609384753,
  -0.036839860298539626
 ],
 "vA": [
  -2.036903886052367,
  -4.4721076007694105,
  9.897126393444397
 ],
 "W": [
  0.021467549799530253,
  -0.009250245035569947,
  -0.3818780403363593
 ]
}