{
 "gTv": [
  [
   -0.14485470204004763,
   0.989440911759269,
   0.004878261357872143,
   -28.662121882253405
  ],
  [
   -0.9893775114623743,
   -0.14490277443216643,
   0.011632960688497064,
   -46.957797890882325
  ],
  [
   0.012217000835247169,
   -0.003141353028138774,
   0.9999204352305959,
   1.3597062078720654
  ],
  [
   0.0,
   0.0,
   0.0,
   1.0
  ]
 ],
 "vV": [
  5.318363399694383,
  -0.24656385452868573,
  0.03155768803144779
 ],
 "vA": [
  1.1154418607228476,
  -7.439699651076433,
  10.078218809448096
 ],
 "W": [
  -0.01832595714594046,
  0.007853981633974483,
  -0.45675266524691605
 ]
}