{
 "gTv": [
  [
   -0.4603465988995089,
   0.8877166630544138,
   -0.00633522037434084,
   -30.82504792431897
  ],
  [
   -0.8877386508761149,
   -0.4603261381097493,
   0.004464785954515097,
   -51.89886284484895
  ],
  [
   0.0010471973597998385,
   0.007679369017095534,
   0.9999699648835405,
   1.3758408611285635
  ],
  [
   0.0,
   0.0,
   0.0,
   1.0
  ]
 ],
 "vV": [
  6.759709812176277,
  -0.14017654831764464,
  -0.003192608891708272
 ],
 "vA": [
  1.6475236306568108,
  -3.9486018621998857,
  9.579174528128842
 ],
 "W": [
  0.03577924966588375,
  0.017104226669544427,
  -0.21275563581810877
 ]
}