{
 "gTv": [
  [
   0.9311828305171487,
   0.3641286755735398,
   0.017573951608297632,
   -33.729093447568005
  ],
  [
   -0.36416730633845085,
   0.9313329385316468,
   -0.001063296856263027,
   -34.26576990949484
  ],
  [
   -0.01675437686898136,
   -0.0054097348426210435,
   0.9998450007999562,
   1.330990963259232
  ],
  [
   0.0,
   0.0,
   0.0,
   1.0
  ]
 ],
 "vV": [
  4.021859906754204,
  -0.26266168857228056,
  -0.009386271549164087
 ],
 "vA": [
  -2.042786004741975,
  -4.731055436457045,
  9.472691208659308
 ],
 "W": [
  -0.004014257279586958,
  0.002617993877991494,
  -0.39025562074593206
 ]
}