{
 "gTv": [
  [
   -0.5008949074236908,
   0.8652738469129306,
   -0.020136076219336153,
   -53.53133565809241
  ],
  [
   -0.8654988027386648,
   -0.500861849181351,
   0.007016444439722602,
   -90.55741406972086
  ],
  [
   -0.004014246498463717,
   0.020942251147768258,
   0.9997726281219714,
   1.2036493156168366
  ],
  [
   0.0,
   0.0,
   0.0,
   1.0
  ]
 ],
 "vV": [
  11.691909090047542,
  -0.019411983650154712,
  -0.018823149877637543
 ],
 "vA": [
  0.883809697856252,
  0.5323826396509069,
  10.12355180461828
 ],
 "W": [
  -0.03700098014227979,
  -0.023561944901923447,
  -0.0038397243543875246
 ]
}