{
 "gTv": [
  [
   0.5975850769115831,
   0.8017866149919627,
   -0.005504531978954598,
   -29.957210498281928
  ],
  [
   -0.8017070353278853,
   0.597390010921589,
   -0.019773830101338694,
   -38.1135182107438
  ],
  [
   -0.012566039883352607,
   0.016229567795660288,
   0.9997893256935764,
   1.2712703068166726
  ],
  [
   0.0,
   0.0,
   0.0,
   1.0
  ]
 ],
 "vV": [
  0.1991592581866451,
  -0.025509345850836154,
  -0.013708498807516603
 ],
 "vA": [
  -0.0909573243020684,
  -0.048557009333628616,
  9.822655145970666
 ],
 "W": [
  -0.008203047484373348,
  -0.010995574287564275,
  -0.022514747350726852
 ]
}