{
 "gTv": [
  [
   0.9967101844961384,
   0.07837871351843984,
   0.02062972100799375,
   -37.27431204945215
  ],
  [
   -0.07843389122658256,
   0.9969175480951625,
   0.0018780327434351762,
   -33.11651483326958
  ],
  [
   -0.02041893309480045,
   -0.003489923655774792,
   0.9997854207799524,
   1.3597747091812753
  ],
  [
   0.0,
   0.0,
   0.0,
   1.0
  ]
 ],
 "vV": [
  5.3055503035303175,
  -0.1991849284271332,
  -0.06512429139624433
 ],
 "vA": [
  -1.7319577613989212,
  -5.530405146536235,
  10.401908473028179
 ],
 "W": [
  0.00034906585039886593,
  -0.016929693744344998,
  -0.34819318577286873
 ]
}