{
 "gTv": [
  [
   -0.5127610080744759,
   0.858317660657648,
   -0.019155730255714928,
   -36.028557177695376
  ],
  [
   -0.8584777251969146,
   -0.5128507840529207,
   0.0002619867080181238,
   -60.5888654933087
  ],
  [
   -0.009599163462400143,
   0.016579104302917348,
   0.9998164778404761,
   1.3221630742479697
  ],
  [
   0.0,
   0.0,
   0.0,
   1.0
  ]
 ],
 "vV": [
  8.798957555329423,
  -0.00023514249302624812,
  -0.009719152786876285
 ],
 "vA": [
  1.3655293716174177,
  -0.17578849623832568,
  8.878031957944106
 ],
 "W": [
  -0.012566370614359173,
  0.0027925268031909274,
  0.0054105206811824215
 ]
}