{
 "gTv": [
  [
   0.868815900780441,
   -0.4947005453427261,
   0.020743697565300482,
   -50.89082205655986
  ],
  [
   0.49497132110014264,
   0.8688436965478146,
   -0.010678120504511845,
   -36.43610754358476
  ],
  [
   -0.012740558835888215,
   0.019544856273168144,
   0.9997278013308477,
   1.4410501466651169
  ],
  [
   0.0,
   0.0,
   0.0,
   1.0
  ]
 ],
 "vV": [
  8.28583298321168,
  -0.04159803224139703,
  -0.06092298491179311
 ],
 "vA": [
  -1.4807903613549156,
  -2.76983706464931,
  10.27057435769364
 ],
 "W": [
  -0.004014257279586958,
  -0.0024434609527920616,
  -0.1137954672300303
 ]
}