{
 "gTv": [
  [
   0.8916179270795193,
   -0.45262096203459046,
   0.012318150725773195,
   -75.37147914461633
  ],
  [
   0.45274495492752775,
   0.8915796114057749,
   -0.010382789278337782,
   -50.64185060556238
  ],
  [
   -0.00628314396555895,
   0.01483446164878567,
   0.9998702220035852,
   1.5632639367938501
  ],
  [
   0.0,
   0.0,
   0.0,
   1.0
  ]
 ],
 "vV": [
  11.885169188991112,
  -0.0014375005128568425,
  0.024424587894413836
 ],
 "vA": [
  -1.0417729376105098,
  2.289775434681299,
  8.903103200668573
 ],
 "W": [
  0.04328416544945937,
  0.024609142453120045,
  0.0619591884457987
 ]
}