{
 "gTv": [
  [
   0.9641162938968184,
   -0.2648379512908762,
   0.018456202174763525,
   -43.26766525270218
  ],
  [
   0.2648470666856485,
   0.9642883692623637,
   0.001993031193795453,
   -33.32550214216954
  ],
  [
   -0.018324931396102802,
   0.002966557159960582,
   0.9998276833674618,
   1.4301312366605978
  ],
  [
   0.0,
   0.0,
   0.0,
   1.0
  ]
 ],
 "vV": [
  6.740755451233436,
  -0.16930103715375389,
  -0.0600503400080165
 ],
 "vA": [
  -1.638344556447471,
  -6.709484204900353,
  9.798569075217635
 ],
 "W": [
  0.01884955592153876,
  -0.002967059728390361,
  -0.33039082740252657
 ]
}