{
 "gTv": [
  [
   0.997806078167501,
   -0.06162419806893545,
   0.024196871375263267,
   -39.49945956667756
  ],
  [
   0.061736560394447644,
   0.9980847666894209,
   -0.003923724402479111,
   -32.935864149954064
  ],
  [
   -0.023908732351447283,
   0.0054089476688634255,
   0.9996995127549387,
   1.3782890914506047
  ],
  [
   0.0,
   0.0,
   0.0,
   1.0
  ]
 ],
 "vV": [
  5.889801876676465,
  -0.21123062849432991,
  -0.03965231160593839
 ],
 "vA": [
  -1.753920776433473,
  -6.1926881132738165,
  10.26356681883176
 ],
 "W": [
  -0.006806784082777885,
  -0.014311699866353502,
  -0.34819318577286873
 ]
}