{
 "gTv": [
  [
   0.5869357615324526,
   0.8095937185731383,
   -0.008026374102775543,
   -29.883773217069333
  ],
  [
   -0.8096142410647573,
   0.5868245687152491,
   -0.012716375949879307,
   -38.24444609202821
  ],
  [
   -0.005585024570828311,
   0.013961962579795822,
   0.999886929158224,
   1.2735200368873296
  ],
  [
   0.0,
   0.0,
   0.0,
   1.0
  ]
 ],
 "vV": [
  0.49692945140766165,
  -0.03973614295856251,
  -0.025739344901048358
 ],
 "vA": [
  1.226581096772605,
  -0.20369979119009832,
  9.836364029309344
 ],
 "W": [
  -0.005061454830783556,
  -0.01815142422074103,
  -0.038571776469074684
 ]
}