{
 "gTv": [
  [
   0.9342922805038274,
   -0.3562233576922956,
   0.01424268322277609,
   -45.27774692853333
  ],
  [
   0.3562206111694047,
   0.934397640283676,
   0.002815317103625246,
   -33.87223367553947
  ],
  [
   -0.014311211306291814,
   0.0024432082852220635,
   0.9998946044279976,
   1.4413925909909484
  ],
  [
   0.0,
   0.0,
   0.0,
   1.0
  ]
 ],
 "vV": [
  7.156877320866366,
  -0.1109544880805664,
  -0.01403905430901735
 ],
 "vA": [
  -1.5093793037238576,
  -6.793052490620654,
  9.01786541880032
 ],
 "W": [
  -0.024085543677521748,
  0.023212879051524585,
  -0.29949849964222697
 ]
}