{
 "gTv": [
  [
   0.5665535739677402,
   0.8239788758870593,
   -0.008709759828982656,
   -29.74302152747791
  ],
  [
   -0.824016756053129,
   0.5664693079782444,
   -0.010435940893242348,
   -38.498412205543524
  ],
  [
   -0.0036651832230571064,
   0.013089507651062685,
   0.9999076113428652,
   1.2741481995867332
  ],
  [
   0.0,
   0.0,
   0.0,
   1.0
  ]
 ],
 "vV": [
  0.9908572258349915,
  -0.06650718392455661,
  -0.012512688390374865
 ],
 "vA": [
  1.3568749478454214,
  -0.3536935098756755,
  9.790387102438894
 ],
 "W": [
  -0.004014257279586958,
  -0.007679448708775049,
  -0.08115781021773633
 ]
}