{
 "gTv": [
  [
   -0.5015013395081397,
   0.8649142479054651,
   -0.020487807146335416,
   -54.70207391214805
  ],
  [
   -0.8651529070605121,
   -0.5014300650735163,
   0.008850833018095153,
   -92.58587331524137
  ],
  [
   -0.002617990887417994,
   0.02216379052628481,
   0.9997509252374915,
   1.2040119139451937
  ],
  [
   0.0,
   0.0,
   0.0,
   1.0
  ]
 ],
 "vV": [
  11.768489947371869,
  -0.013193663155559643,
  0.02640981644932756
 ],
 "vA": [
  0.6879922803380526,
  0.19803586888748148,
  9.825340240915798
 ],
 "W": [
  -0.014137166941154071,
  0.023212879051524585,
  -0.0027925268031909274
 ]
}