{
 "gTv": [
  [
   0.5315525719983436,
   0.8469133449473125,
   -0.013771323542071914,
   -29.521473186192242
  ],
  [
   -0.8470222636840106,
   0.5315239574494949,
   -0.005963847821849828,
   -38.94006513227484
  ],
  [
   0.0022689260808398766,
   0.014834716289241653,
   0.999887385242487,
   1.27586533443572
  ],
  [
   0.0,
   0.0,
   0.0,
   1.0
  ]
 ],
 "vV": [
  1.5531279735428623,
  -0.09757969316028844,
  -0.01772612069034397
 ],
 "vA": [
  1.5268765924031074,
  -0.49920182806935737,
  9.818184281317812
 ],
 "W": [
  -0.0005235987755982988,
  -0.00890117918517108,
  -0.12374384396639797
 ]
}