{
 "gTv": [
  [
   0.9861080914314342,
   -0.1651863657709175,
   0.01744409862534222,
   -41.33515835672378
  ],
  [
   0.16520383225258561,
   0.9862593451299695,
   0.0004449189399436911,
   -33.017132080549594
  ],
  [
   -0.01727789982936457,
   0.0024430937763890263,
   0.9998477411437633,
   1.4104784797064083
  ],
  [
   0.0,
   0.0,
   0.0,
   1.0
  ]
 ],
 "vV": [
  6.318402196575835,
  -0.16681472243370588,
  -0.07215869909819746
 ],
 "vA": [
  -1.6371224940563802,
  -6.885208562926115,
  9.614187358838981
 ],
 "W": [
  0.010122909661567111,
  0.007853981633974483,
  -0.3467969223712733
 ]
}