{
 "gTv": [
  [
   0.9059216197865947,
   -0.4233951025880769,
   0.006527320098222323,
   -81.9377308183531
  ],
  [
   0.42341084699714615,
   0.9059369978786392,
   -0.0011876530629953274,
   -53.85225645024636
  ],
  [
   -0.005410494283530485,
   0.0038396587179830464,
   0.9999779915440827,
   1.5640557772853965
  ],
  [
   0.0,
   0.0,
   0.0,
   1.0
  ]
 ],
 "vV": [
  12.446786721438045,
  0.004212415684239683,
  0.0059208505486508505
 ],
 "vA": [
  -0.8628443693185782,
  2.136647006649694,
  9.576084628783873
 ],
 "W": [
  0.0027925268031909274,
  0.002617993877991494,
  0.05462880558742251
 ]
}