{
 "gTv": [
  [
   0.9444895074118322,
   0.3280951613031422,
   0.017121200846288112,
   -34.08960332441576
  ],
  [
   -0.3281574894978868,
   0.9446226093540561,
   0.0008876843911218477,
   -34.07747070997416
  ],
  [
   -0.015881828465204147,
   -0.006456858880214848,
   0.9998530274485357,
   1.33130541943147
  ],
  [
   0.0,
   0.0,
   0.0,
   1.0
  ]
 ],
 "vV": [
  4.1876400475943365,
  -0.2497256602743919,
  0.01055873735738736
 ],
 "vA": [
  -1.9363955908103847,
  -4.9808852889594295,
  9.75502968790498
 ],
 "W": [
  0.018675022996339326,
  0.015533430342749534,
  -0.37856191475757006
 ]
}