{
 "gTv": [
  [
   0.5959133807051247,
   0.8030273844816994,
   -0.005853415162931691,
   -29.94246758035534
  ],
  [
   -0.8029685842907791,
   0.59573511874577,
   -0.018469459521735284,
   -38.13521205443841
  ],
  [
   -0.011344396795372304,
   0.015706306550039174,
   0.9998122906805581,
   1.271671385828208
  ],
  [
   0.0,
   0.0,
   0.0,
   1.0
  ]
 ],
 "vV": [
  0.19960308494345175,
  -0.017936464370685586,
  -0.013773779357528947
 ],
 "vA": [
  0.04687362325343848,
  0.011087281979945922,
  9.826856556512338
 ],
 "W": [
  0.0020943951023931952,
  -0.012740903539558606,
  -0.02129301687433082
 ]
}