{
 "gTv": [
  [
   0.46916290512008324,
   0.8830693641015125,
   -0.008640986322997687,
   -29.115346500719017
  ],
  [
   -0.8830917025422055,
   0.4691956027327762,
   0.002128679716577819,
   -39.82235072646534
  ],
  [
   0.005934084629718737,
   0.0066320857637200935,
   0.9999604002549451,
   1.267369092962956
  ],
  [
   0.0,
   0.0,
   0.0,
   1.0
  ]
 ],
 "vV": [
  2.3583449937586662,
  -0.14409309926861158,
  -0.016138169215756955
 ],
 "vA": [
  1.4816640988714245,
  -1.5590214403779858,
  10.039229606029
 ],
 "W": [
  -0.008028514559173916,
  -0.01902408884673819,
  -0.1752310569002307
 ]
}