{
 "gTv": [
  [
   0.43270610078769534,
   0.9014725181656025,
   -0.01061740708819861,
   -28.936520995107113
  ],
  [
   -0.9014910989259501,
   0.43277127995175724,
   0.004776798739832416,
   -40.286702856503474
  ],
  [
   0.008901061644095577,
   0.007504548026723876,
   0.9999322241334774,
   1.2682224793907082
  ],
  [
   0.0,
   0.0,
   0.0,
   1.0
  ]
 ],
 "vV": [
  2.6717368407536277,
  -0.1562327873724983,
  -0.005822229497536435
 ],
 "vA": [
  1.601288393934252,
  -2.03929454081003,
  9.746342994846275
 ],
 "W": [
  0.014660765716752367,
  -0.004886921905584123,
  -0.22916173078685548
 ]
}