{
 "gTv": [
  [
   0.9934193455394659,
   0.11296872805109154,
   0.018869827515320098,
   -36.752552850521994
  ],
  [
   -0.11300127417792846,
   0.9935946210684689,
   0.0006640918387852651,
   -33.21051470395137
  ],
  [
   -0.01867393750937516,
   -0.0027920362326130637,
   0.9998217284054052,
   1.3502833999067303
  ],
  [
   0.0,
   0.0,
   0.0,
   1.0
  ]
 ],
 "vV": [
  5.150815528999439,
  -0.20828062621778515,
  -0.025263243166647985
 ],
 "vA": [
  -1.8296357972750814,
  -5.512545507088964,
  10.326330496430709
 ],
 "W": [
  0.0031415926535897933,
  -0.01780235837034216,
  -0.3485422516232676
 ]
}