{
 "gTv": [
  [
   0.6193019548473158,
   0.7851478422752509,
   -0.0028203710412931585,
   -30.111933064989493
  ],
  [
   -0.7850026825054539,
   0.6191092021194308,
   -0.02178495605419029,
   -37.84819416302963
  ],
  [
   -0.015358293574952917,
   0.015705464703698744,
   0.9997587014859666,
   1.2704374406253984
  ],
  [
   0.0,
   0.0,
   0.0,
   1.0
  ]
 ],
 "vV": [
  0.7987881481296619,
  -0.055044766478149765,
  -0.00587360099514086
 ],
 "vA": [
  -1.1675432803503119,
  -0.08828548428140982,
  9.822197676341256
 ],
 "W": [
  -0.0017453292519943296,
  -0.002617993877991494,
  -0.06736970912698112
 ]
}