{
 "gTv": [
  [
   -0.501652092677503,
   0.8650098263590026,
   -0.010157667776110144,
   -31.889986894744847
  ],
  [
   -0.8650649569405789,
   -0.5016527995552715,
   0.0026625123009177067,
   -53.70456369436191
  ],
  [
   -0.0027925231737424886,
   0.01012269730489239,
   0.9999448648868583,
   1.3745576612284571
  ],
  [
   0.0,
   0.0,
   0.0,
   1.0
  ]
 ],
 "vV": [
  7.25366928283002,
  -0.05986605214018658,
  -0.038351712625212885
 ],
 "vA": [
  1.619340575491713,
  -2.081221767477953,
  9.677330347272788
 ],
 "W": [
  0.011868238913561443,
  0.0036651914291880917,
  -0.10454522219446034
 ]
}