{
 "gTv": [
  [
   0.9665057860611129,
   0.2561655692300436,
   0.01567694649597832,
   -34.89192332347018
  ],
  [
   -0.2562551840168668,
   0.966601018884804,
   0.003968747326341443,
   -33.73687050373043
  ],
  [
   -0.014136696038032734,
   -0.007853116063473078,
   0.9998692326465605,
   1.3319028926665255
  ],
  [
   0.0,
   0.0,
   0.0,
   1.0
  ]
 ],
 "vV": [
  4.514325932370763,
  -0.22046517739694585,
  -0.05165859022789457
 ],
 "vA": [
  -1.828904383415934,
  -5.337424865728192,
  10.370634365975612
 ],
 "W": [
  0.012566370614359173,
  -0.007330382858376183,
  -0.3818780403363593
 ]
}