{
 "gTv": [
  [
   0.9997021507162875,
   0.008594981397477382,
   0.022841544343724898,
   -38.354218454036285
  ],
  [
   -0.008540900617033702,
   0.9999604896994174,
   -0.002464154368426906,
   -32.98680924702623
  ],
  [
   -0.022861821228399245,
   0.0022683330616339904,
   0.9997360610657406,
   1.3687590980726672
  ],
  [
   0.0,
   0.0,
   0.0,
   1.0
  ]
 ],
 "vV": [
  5.598063236922428,
  -0.18616139682546534,
  -0.09200574948061854
 ],
 "vA": [
  -1.6627769132288974,
  -6.215632204488651,
  9.511549336024034
 ],
 "W": [
  0.00017453292519943296,
  -0.006632251157578452,
  -0.3583160954344358
 ]
}