{
 "gTv": [
  [
   -0.31579321441944214,
   0.9488266803444789,
   -0.0016051146724782137,
   -29.395689238554016
  ],
  [
   -0.9487846328002085,
   -0.315762135237924,
   0.01009923324613916,
   -49.07403722464738
  ],
  [
   0.009075587518675376,
   0.004712177465099453,
   0.9999477131804082,
   1.3784058871035278
  ],
  [
   0.0,
   0.0,
   0.0,
   1.0
  ]
 ],
 "vV": [
  5.941988242210367,
  -0.2415593676787363,
  0.012229706814108888
 ],
 "vA": [
  1.3463401467953617,
  -6.4874608619054905,
  9.991528339992625
 ],
 "W": [
  0.015358897417550098,
  0.005061454830783556,
  -0.40858157789187255
 ]
}