{
 "gTv": [
  [
   0.8463836421097453,
   0.5324643380753032,
   0.01079161929794567,
   -32.23250467095456
  ],
  [
   -0.5323670354452225,
   0.8464459430167502,
   -0.010705378169391825,
   -35.30138036202722
  ],
  [
   -0.014834754474138404,
   0.00331575459187122,
   0.9998844612409868,
   1.3111913685228476
  ],
  [
   0.0,
   0.0,
   0.0,
   1.0
  ]
 ],
 "vV": [
  3.203979897067586,
  -0.24343031158855566,
  -0.018027222057879648
 ],
 "vA": [
  -1.8318476517263966,
  -3.1682160941672466,
  9.848255003469331
 ],
 "W": [
  0.002617993877991494,
  0.006108652381980153,
  -0.3485422516232676
 ]
}