{
 "gTv": [
  [
   0.9148151495911578,
   -0.40387263380809013,
   -0.0003711326234672733,
   -86.53334867602176
  ],
  [
   0.4038727666193478,
   0.9148150750317094,
   0.00040850699121393926,
   -55.952526036241885
  ],
  [
   0.00017453292431333684,
   -0.000523598743698838,
   0.9999998476912955,
   1.5459545713492826
  ],
  [
   0.0,
   0.0,
   0.0,
   1.0
  ]
 ],
 "vV": [
  12.808580300317209,
  0.006326580829201912,
  0.04934969381136542
 ],
 "vA": [
  -0.9891355888217912,
  1.8307507232765285,
  9.919026544248418
 ],
 "W": [
  0.009075712110370514,
  -0.003490658503988659,
  0.05358160803622592
 ]
}