{
 "gTv": [
  [
   0.882938786171817,
   0.4692958006917258,
   0.013436938883189777,
   -32.76765097789316
  ],
  [
   -0.46925917915481535,
   0.8830404039830175,
   -0.005955477517237724,
   -34.87734896974162
  ],
  [
   -0.014660240529660664,
   -0.0010470848205356336,
   0.9998919846468374,
   1.3114433549665498
  ],
  [
   0.0,
   0.0,
   0.0,
   1.0
  ]
 ],
 "vV": [
  3.5282809039147613,
  -0.27129988879116085,
  -0.03068048083700646
 ],
 "vA": [
  -1.935891466463899,
  -3.8077956947279965,
  9.888039790052737
 ],
 "W": [
  0.01780235837034216,
  -0.004886921905584123,
  -0.3741985916275843
 ]
}