{
 "gTv": [
  [
   -0.4911988390184542,
   0.8709975707601854,
   -0.009323748000625387,
   -31.52406128844109
  ],
  [
   -0.8710445181053394,
   -0.4911969140553799,
   0.00265313043580645,
   -53.094406409911564
  ],
  [
   -0.002268926080839876,
   0.009424614173973013,
   0.9999530132071767,
   1.3747504580018135
  ],
  [
   0.0,
   0.0,
   0.0,
   1.0
  ]
 ],
 "vV": [
  7.088167006392828,
  -0.08041908703036707,
  -0.021327269621107918
 ],
 "vA": [
  1.682133119445441,
  -2.7441455850021033,
  9.468046232725776
 ],
 "W": [
  0.005061454830783556,
  0.011344640137963142,
  -0.14206980111233844
 ]
}