{
 "gTv": [
  [
   -0.5014831909701045,
   0.864788550997155,
   -0.025600219504590203,
   -46.15267599956566
  ],
  [
   -0.8651215985490422,
   -0.5015415018013665,
   0.004554305082022512,
   -77.83775919154124
  ],
  [
   -0.008901061644095576,
   0.024431210266201455,
   0.9996618863728561,
   1.2519765443184903
  ],
  [
   0.0,
   0.0,
   0.0,
   1.0
  ]
 ],
 "vV": [
  10.938083031102165,
  -0.030886874092060937,
  0.04203720497907029
 ],
 "vA": [
  0.7557560883819483,
  0.16280745167920768,
  9.027228955100885
 ],
 "W": [
  -0.014660765716752367,
  0.0582939970166106,
  0.005585053606381855
 ]
}