{
 "gTv": [
  [
   -0.5079777030653978,
   0.86122159755204,
   -0.01600040931710476,
   -38.85278903899989
  ],
  [
   -0.8613608645703915,
   -0.5077979736339799,
   0.01409535241743661,
   -65.32739051347878
  ],
  [
   0.0040142464984637164,
   0.02094225114776825,
   0.9997726281219712,
   1.2860868544041106
  ],
  [
   0.0,
   0.0,
   0.0,
   1.0
  ]
 ],
 "vV": [
  9.625181621490407,
  -0.009612484588671283,
  -0.026541173461982738
 ],
 "vA": [
  1.4038824523112816,
  0.28214267095746687,
  10.265191014938503
 ],
 "W": [
  0.006108652381980153,
  -0.03892084231947355,
  0.020943951023931952
 ]
}