{
 "gTv": [
  [
   0.8687333096384837,
   -0.49463467337626066,
   0.02527798683690223,
   -67.34069320034062
  ],
  [
   0.4951251225125568,
   0.8686064506025329,
   -0.019337710014254574,
   -46.311953804951294
  ],
  [
   -0.012391520548033538,
   0.029315079151004637,
   0.999493409859654,
   1.5406482787074467
  ],
  [
   0.0,
   0.0,
   0.0,
   1.0
  ]
 ],
 "vV": [
  10.893194305394232,
  -0.007150227614507546,
  -0.04578911117684814
 ],
 "vA": [
  -1.3204167448901734,
  1.7661876529888016,
  9.86718671280661
 ],
 "W": [
  -0.0010471975511965976,
  -0.0024434609527920616,
  0.05550147021341968
 ]
}