{
 "gTv": [
  [
   0.9125452007727317,
   -0.40897530528344267,
   0.0006754368731883861,
   -85.36636414867165
  ],
  [
   0.40897571407076466,
   0.9125450334778287,
   -0.0006535864569145681,
   -55.424212512239876
  ],
  [
   -0.00034906584331009663,
   0.0008726644620693875,
   0.9999995583047893,
   1.5557325188788134
  ],
  [
   0.0,
   0.0,
   0.0,
   1.0
  ]
 ],
 "vV": [
  12.70953092038082,
  0.006872332196331151,
  0.048736392310556126
 ],
 "vA": [
  -0.8543876429994892,
  2.2636021574469907,
  9.551212862167862
 ],
 "W": [
  0.01117010721276371,
  0.01064650843716541,
  0.05375614096142535
 ]
}