{
 "gTv": [
  [
   0.5207169402463214,
   0.8536184484340965,
   -0.013762726237012798,
   -29.44660653011706
  ],
  [
   -0.8537242322453491,
   0.520702156253407,
   -0.004919324155000662,
   -39.094564015973205
  ],
  [
   0.002967055375001865,
   0.01431114831236844,
   0.9998931881038011,
   1.2761025764663532
  ],
  [
   0.0,
   0.0,
   0.0,
   1.0
  ]
 ],
 "vV": [
  1.7127891046040853,
  -0.09377483162566816,
  -0.022554859908426178
 ],
 "vA": [
  1.5346314012976405,
  -0.6531206256870461,
  9.772223678600191
 ],
 "W": [
  -0.010821041362364843,
  -0.006806784082777885,
  -0.12950343049797924
 ]
}