{
 "gTv": [
  [
   -0.5022577356052123,
   0.8645272993659596,
   -0.018158074670104378,
   -42.38666254509207
  ],
  [
   -0.8647176878247214,
   -0.5021637775930634,
   0.009739652793201886,
   -71.3735090233643
  ],
  [
   -0.0006981316440875813,
   0.020593424301575854,
   0.9997876892059347,
   1.284676169263734
  ],
  [
   0.0,
   0.0,
   0.0,
   1.0
  ]
 ],
 "vV": [
  10.410546233644093,
  -0.01730256833376861,
  -0.06046453181474756
 ],
 "vA": [
  0.9402790737321784,
  -0.11233776244575949,
  10.18571453928476
 ],
 "W": [
  0.009250245035569947,
  -0.01937315469713706,
  -0.00017453292519943296
 ]
}