{
 "gTv": [
  [
   0.9561049101870088,
   0.29258481812559906,
   0.016047582955139382,
   -34.47985811878579
  ],
  [
   -0.29266630221897644,
   0.9562101303152382,
   0.002936363054227738,
   -33.90128126187871
  ],
  [
   -0.01448572613860647,
   -0.007504057897271779,
   0.9998669175711895,
   1.3317805119550843
  ],
  [
   0.0,
   0.0,
   0.0,
   1.0
  ]
 ],
 "vV": [
  4.349328668655473,
  -0.23647350668272504,
  -0.012299638449553285
 ],
 "vA": [
  -1.8772630542290185,
  -4.931793361549981,
  10.045282562391346
 ],
 "W": [
  -0.0012217304763960308,
  0.009075712110370514,
  -0.37507125625358145
 ]
}