{
 "gTv": [
  [
   -0.501022521962431,
   0.8651267614759651,
   -0.023067706095618194,
   -46.702285645782396
  ],
  [
   -0.8653708882460908,
   -0.5011303660244978,
   0.001257785484453676,
   -78.79104489748408
  ],
  [
   -0.010471784116245796,
   0.020592300169273596,
   0.9997331138414698,
   1.2516932296878438
  ],
  [
   0.0,
   0.0,
   0.0,
   1.0
  ]
 ],
 "vV": [
  11.023361430486446,
  -0.010110592306945429,
  -0.029376542428273356
 ],
 "vA": [
  0.6954319803646001,
  0.5585352918981887,
  9.628401921443922
 ],
 "W": [
  -0.01361356816555577,
  -0.012391837689159739,
  0.004014257279586958
 ]
}