{
 "gTv": [
  [
   0.8519543680429922,
   -0.5232652121528852,
   0.019164355534723152,
   -56.15640858982677
  ],
  [
   0.5235215256680158,
   0.851925246828869,
   -0.01218958480847235,
   -39.54423309609431
  ],
  [
   -0.009948212638374358,
   0.020417922670191074,
   0.999742037477236,
   1.4718626107316866
  ],
  [
   0.0,
   0.0,
   0.0,
   1.0
  ]
 ],
 "vV": [
  9.212891086244184,
  -0.008507742267814372,
  -0.04283489781237575
 ],
 "vA": [
  -1.286501231607606,
  -0.30522938421010304,
  9.85853993669153
 ],
 "W": [
  -0.00645771823237902,
  -0.008377580409572781,
  -0.010995574287564275
 ]
}