{
 "gTv": [
  [
   0.8588912479193764,
   -0.5115750223648153,
   0.02442991485729879,
   -63.668540624793955
  ],
  [
   0.512012274401784,
   0.8588072969666438,
   -0.01713060240502781,
   -44.16298210633479
  ],
  [
   -0.012217000835247167,
   0.027221740746792497,
   0.9995547617420999,
   1.5108132553942406
  ],
  [
   0.0,
   0.0,
   0.0,
   1.0
  ]
 ],
 "vV": [
  10.378963464316138,
  0.003013056489129858,
  -0.05158020993464846
 ],
 "vA": [
  -1.3765857739688843,
  1.3996111619786507,
  9.758270084174045
 ],
 "W": [
  -0.016231562043547268,
  -0.0027925268031909274,
  0.04066617157146788
 ]
}