{
 "gTv": [
  [
   0.2764327563964488,
   0.9609637111913775,
   -0.01156187546882522,
   -28.47333275395485
  ],
  [
   -0.960837998322614,
   0.2765990959450906,
   0.016830956649911494,
   -42.09132995828994
  ],
  [
   0.019371942867306917,
   0.006456461542797184,
   0.9997914992306608,
   1.2914086136181377
  ],
  [
   0.0,
   0.0,
   0.0,
   1.0
  ]
 ],
 "vV": [
  3.6343033579331525,
  -0.20740912153304225,
  -0.011676314263473079
 ],
 "vA": [
  1.5461489673329638,
  -3.4800827618490615,
  9.489713017241701
 ],
 "W": [
  -0.03874630939427412,
  -0.016231562043547268,
  -0.32498030672134415
 ]
}