{
 "gTv": [
  [
   -0.5130827497499215,
   0.8581401823203193,
   -0.01848024340501654,
   -35.14210700984978
  ],
  [
   -0.8583356694321366,
   -0.51302302818626,
   0.008200678696675893,
   -59.10059356755045
  ],
  [
   -0.0024434585213449368,
   0.020069878869819768,
   0.9997955938453646,
   1.3241721509576152
  ],
  [
   0.0,
   0.0,
   0.0,
   1.0
  ]
 ],
 "vV": [
  8.491441692449222,
  0.005365116072733131,
  -0.005543045106649269
 ],
 "vA": [
  1.3813855467163398,
  -0.07730441282208278,
  10.187576188577445
 ],
 "W": [
  0.003316125578789226,
  0.047123889803846894,
  0.0019198621771937623
 ]
}