{
 "gTv": [
  [
   0.8990160615101359,
   -0.4378741901930396,
   0.006026168732566182,
   -78.60757458227478
  ],
  [
   0.43790675144501673,
   0.8990004106808249,
   -0.005994884033948669,
   -52.251203905042004
  ],
  [
   -0.002792523173742488,
   0.008028397006748119,
   0.9999638726753213,
   1.5646575899664574
  ],
  [
   0.0,
   0.0,
   0.0,
   1.0
  ]
 ],
 "vV": [
  12.186056599290811,
  0.01023969016998342,
  0.01733739445912998
 ],
 "vA": [
  -0.8759520698082058,
  1.7490332153415333,
  10.369561069057081
 ],
 "W": [
  0.018500490071139894,
  -0.011519173063162576,
  0.049567350756638956
 ]
}