{
 "gTv": [
  [
   -0.5007445129166562,
   0.8653820022984082,
   -0.019207365302362604,
   -51.781425875815586
  ],
  [
   -0.8655873723754304,
   -0.5007106879888771,
   0.006878060620782466,
   -87.55295259519903
  ],
  [
   -0.0036651832230571047,
   0.020069803977692015,
   0.999791863039622,
   1.2238001587230296
  ],
  [
   0.0,
   0.0,
   0.0,
   1.0
  ]
 ],
 "vV": [
  11.527599771857487,
  -0.010754616838577575,
  -0.042259836871601675
 ],
 "vA": [
  0.6140924897676322,
  0.01964299248433392,
  9.320653739648899
 ],
 "W": [
  -0.0022689280275926286,
  0.02583087292951608,
  0.00034906585039886593
 ]
}