{
 "gTv": [
  [
   -0.506318238486536,
   0.8621876791457627,
   -0.016560413797207654,
   -39.340387748708075
  ],
  [
   -0.862326288602811,
   -0.5060807336279948,
   0.01660310317537331,
   -66.16602632926474
  ],
  [
   0.005934084629718737,
   0.022686934120638092,
   0.9997250070193369,
   1.2865774044576643
  ],
  [
   0.0,
   0.0,
   0.0,
   1.0
  ]
 ],
 "vV": [
  9.743443039596318,
  0.0025155776084186164,
  -0.0029494288933939058
 ],
 "vA": [
  1.3261820381015559,
  0.43174089536060284,
  9.956426169067141
 ],
 "W": [
  0.02548180707911721,
  0.002967059728390361,
  0.015707963267948967
 ]
}