{
 "gTv": [
  [
   0.9755311044828052,
   0.21920849693981478,
   0.016932189933526846,
   -35.32560073679769
  ],
  [
   -0.21929966796469072,
   0.9756505084179106,
   0.0037068928294167283,
   -33.58442537129384
  ],
  [
   -0.01570731731182068,
   -0.007329412886417809,
   0.9998497686600752,
   1.3413968409580832
  ],
  [
   0.0,
   0.0,
   0.0,
   1.0
  ]
 ],
 "vV": [
  4.683338706818618,
  -0.22948458138841424,
  -0.078132953316284
 ],
 "vA": [
  -1.854845044198141,
  -5.246116835910562,
  9.997483619463402
 ],
 "W": [
  -0.02757620218151041,
  -0.022689280275926284,
  -0.3735004599267866
 ]
}