{
 "gTv": [
  [
   0.6032954489861582,
   0.7974988442240973,
   -0.005494969865167868,
   -29.994152430452417
  ],
  [
   -0.7973955472366066,
   0.6030680445419263,
   -0.021662753740235276,
   -38.04749466638205
  ],
  [
   -0.013962180339145272,
   0.01745070524667601,
   0.999750234011761,
   1.270780150043145
  ],
  [
   0.0,
   0.0,
   0.0,
   1.0
  ]
 ],
 "vV": [
  0.39169840014093504,
  -0.024492482079547635,
  -0.0051453548598304425
 ],
 "vA": [
  -0.9313476201192284,
  0.058502825551971935,
  9.818155627830013
 ],
 "W": [
  -0.0008726646259971648,
  -0.00034906585039886593,
  -0.03543018381548489
 ]
}