{
 "gTv": [
  [
   0.8968661384045258,
   -0.4422552366190759,
   0.006437038632738886,
   -77.51459274862631
  ],
  [
   0.4422953304001848,
   0.8968378684544782,
   -0.007528506639408151,
   -51.71448558339733
  ],
  [
   -0.0024434585213449363,
   0.009599134806504822,
   0.99995094185736,
   1.5646890015087345
  ],
  [
   0.0,
   0.0,
   0.0,
   1.0
  ]
 ],
 "vV": [
  12.091836554776979,
  0.004310628021734861,
  0.02167257467852617
 ],
 "vA": [
  -0.8120283091527674,
  1.7658127614954264,
  9.848091610039283
 ],
 "W": [
  0.017104226669544427,
  0.002967059728390361,
  0.05131268000863328
 ]
}