{
 "gTv": [
  [
   0.8858420725093881,
   -0.46365882806019093,
   0.01744459039709155,
   -73.27314849487239
  ],
  [
   0.46390480720775856,
   0.8857663007873948,
   -0.01450483501963237,
   -49.55963487265109
  ],
  [
   -0.008726535498373935,
   0.02094162246017896,
   0.999742614889918,
   1.5622100610849294
  ],
  [
   0.0,
   0.0,
   0.0,
   1.0
  ]
 ],
 "vV": [
  11.661130333475098,
  -0.007016469377867468,
  -0.02778685234623526
 ],
 "vA": [
  -1.085552529081178,
  2.1283657534280835,
  9.562899124410167
 ],
 "W": [
  0.023212879051524585,
  0.0038397243543875246,
  0.061435589670200394
 ]
}