{
 "gTv": [
  [
   -0.500440544205935,
   0.8655809367852277,
   -0.018135699293817923,
   -50.63118346719357
  ],
  [
   -0.8657590136513945,
   -0.5004336576192618,
   0.005242576005389853,
   -85.56953547478435
  ],
  [
   -0.0045378404811752615,
   0.018324742721672366,
   0.9998217900245785,
   1.23362250301076
  ],
  [
   0.0,
   0.0,
   0.0,
   1.0
  ]
 ],
 "vV": [
  11.422513089816103,
  0.005246005379799077,
  -0.012630149747165784
 ],
 "vA": [
  0.7654417665416945,
  -0.22467626375318966,
  10.028854481879632
 ],
 "W": [
  -0.0019198621771937623,
  -0.008377580409572781,
  -0.002617993877991494
 ]
}