{
 "gTv": [
  [
   -0.504366188165155,
   0.8633548628521082,
   -0.015268563304032808,
   -40.336604056357494
  ],
  [
   -0.863482810244911,
   -0.5042117312934989,
   0.012960186633049877,
   -67.86840355962778
  ],
  [
   0.0034906514152237304,
   0.01972082188018893,
   0.9997994321548034,
   1.2959906587491352
  ],
  [
   0.0,
   0.0,
   0.0,
   1.0
  ]
 ],
 "vV": [
  9.97724019978063,
  0.012255376857231126,
  0.04232895958486277
 ],
 "vA": [
  1.2360842294521948,
  0.29693807892384433,
  8.180085848649858
 ],
 "W": [
  -0.014486232791552938,
  0.04276056667386108,
  0.011868238913561443
 ]
}