{
 "gTv": [
  [
   0.8648900046790018,
   0.5018261283944457,
   0.011654040801252664,
   -32.489162597072415
  ],
  [
   -0.501752372734393,
   0.8649667573547167,
   -0.008778674539649861,
   -35.08943471747375
  ],
  [
   -0.014485726138606466,
   0.0017451452397012515,
   0.9998935534377293,
   1.311370802517817
  ],
  [
   0.0,
   0.0,
   0.0,
   1.0
  ]
 ],
 "vV": [
  3.361634488405597,
  -0.24952148380451195,
  -0.01865125336182301
 ],
 "vA": [
  -1.7715252749231893,
  -3.4925606813751515,
  9.846503525994803
 ],
 "W": [
  0.03106686068549907,
  -0.00017453292519943296,
  -0.3675663404700058
 ]
}