{
 "gTv": [
  [
   0.14157599582025698,
   0.9899210860022497,
   -0.003532831106730659,
   -28.316101162315242
  ],
  [
   -0.9897479344397727,
   0.1416173796372417,
   0.018534941512833213,
   -43.656000408393794
  ],
  [
   0.018848439715408172,
   0.000872509488461664,
   0.9998219716767014,
   1.3115103316213461
  ],
  [
   0.0,
   0.0,
   0.0,
   1.0
  ]
 ],
 "vV": [
  4.243772009155053,
  -0.25109683805864846,
  0.04914014787853331
 ],
 "vA": [
  1.2909092260084305,
  -4.679692931378306,
  9.508765015354783
 ],
 "W": [
  0.02129301687433082,
  0.010471975511965976,
  -0.37158059774959273
 ]
}