{
 "gTv": [
  [
   0.17739938511704278,
   0.9841349729160398,
   -0.0027952179952403233,
   -28.332633170925828
  ],
  [
   -0.9839234567937358,
   0.1774192601245762,
   0.020421491324423904,
   -43.24453287251279
  ],
  [
   0.0205934293200695,
   -0.0008724794517569086,
   0.99978755215718,
   1.3021090237777402
  ],
  [
   0.0,
   0.0,
   0.0,
   1.0
  ]
 ],
 "vV": [
  4.088499184828942,
  -0.24871925551612067,
  0.05853700244864138
 ],
 "vA": [
  1.3061976217655886,
  -4.573975444206442,
  9.676020523676273
 ],
 "W": [
  0.011868238913561443,
  0.026354471705114374,
  -0.3553490357060455
 ]
}