{
 "gTv": [
  [
   0.9050272198229823,
   -0.4251965511803892,
   0.011559595312396247,
   -47.339166444828486
  ],
  [
   0.4253046318045463,
   0.9050012727063197,
   -0.009416292558182063,
   -34.67589525216841
  ],
  [
   -0.006457673349044033,
   0.013438350503119593,
   0.9998888484179993,
   1.4432792651701885
  ],
  [
   0.0,
   0.0,
   0.0,
   1.0
  ]
 ],
 "vV": [
  7.592265260043637,
  -0.09507935616302227,
  -0.003737672773645147
 ],
 "vA": [
  -1.4078062750934266,
  -4.580281471691957,
  9.76054046736686
 ],
 "W": [
  -0.016231562043547268,
  0.023038346126325153,
  -0.19617500792416262
 ]
}