{
 "gTv": [
  [
   0.8535887158299579,
   -0.5205095376424687,
   0.021357093224200124,
   -61.05922630201109
  ],
  [
   0.5208387085733901,
   0.8535307971111159,
   -0.014567705188761772,
   -42.57357526617824
  ],
  [
   -0.01064630731131376,
   0.023558429618438466,
   0.9996657724132334,
   1.5014871593324983
  ],
  [
   0.0,
   0.0,
   0.0,
   1.0
  ]
 ],
 "vV": [
  9.989154922746291,
  0.00913280549996127,
  -0.04581766720687172
 ],
 "vA": [
  -1.2204389314866935,
  0.9464198028821406,
  9.943777239548877
 ],
 "W": [
  -0.008726646259971648,
  -0.0013962634015954637,
  0.02757620218151041
 ]
}