{
 "gTv": [
  [
   0.9950394982570647,
   -0.09647793381179737,
   0.024257064862325445,
   -40.10113790762461
  ],
  [
   0.09652147772698863,
   0.9953307038245133,
   -0.0006279821630770443,
   -32.94355272714215
  ],
  [
   -0.02408321502057092,
   0.0029661948022936327,
   0.9997055568729561,
   1.3883480614826507
  ],
  [
   0.0,
   0.0,
   0.0,
   1.0
  ]
 ],
 "vV": [
  6.030778734232231,
  -0.18080994031260683,
  -0.05763562353831565
 ],
 "vA": [
  -1.5342752205404666,
  -6.613806064111388,
  9.797995080825446
 ],
 "W": [
  0.046949356878647465,
  0.017278759594743863,
  -0.34836771869806815
 ]
}