{
 "gTv": [
  [
   -0.05772746619684321,
   0.9983315729877027,
   -0.0012688665773239556,
   -28.464552528466704
  ],
  [
   -0.9982986783361789,
   -0.057715027590447665,
   0.008290019449422432,
   -45.94735609984602
  ],
  [
   0.008202955487521698,
   0.0017452696446651626,
   0.9999648321591799,
   1.348279707240159
  ],
  [
   0.0,
   0.0,
   0.0,
   1.0
  ]
 ],
 "vV": [
  5.018705564904478,
  -0.28699665655963974,
  0.007659248315070642
 ],
 "vA": [
  1.3149469122876267,
  -6.314900398978292,
  9.863981425442864
 ],
 "W": [
  -0.04642575810304917,
  -0.017278759594743863,
  -0.4159119607502487
 ]
}