{
 "gTv": [
  [
   0.6929144815782293,
   0.7210162507035676,
   0.0022555355337097373,
   -30.69378294147485
  ],
  [
   -0.7207868742620815,
   0.6927667720259661,
   -0.023248257315792976,
   -36.972983098831925
  ],
  [
   -0.0183249313961028,
   0.01448329375844027,
   0.9997271783297855,
   1.2795828693260796
  ],
  [
   0.0,
   0.0,
   0.0,
   1.0
  ]
 ],
 "vV": [
  1.8581976739646724,
  -0.14112723068494412,
  -0.014414311834393703
 ],
 "vA": [
  -1.5018250454351023,
  -0.8778315834432686,
  9.73806604166316
 ],
 "W": [
  0.005934119456780722,
  0.0010471975511965976,
  -0.18832102629018818
 ]
}