{
 "gTv": [
  [
   0.5921346836296961,
   0.8058079372862952,
   -0.0070770508805657805,
   -29.913277733534965
  ],
  [
   -0.8057838994626068,
   0.5919686396287107,
   -0.016894882745066307,
   -38.17896350283811
  ],
  [
   -0.009424638433144008,
   0.01570661970444822,
   0.9998322250697187,
   1.2722599302581001
  ],
  [
   0.0,
   0.0,
   0.0,
   1.0
  ]
 ],
 "vV": [
  0.2799496434538472,
  -0.0180586700559822,
  -0.014161122547352077
 ],
 "vA": [
  0.7452423260684539,
  -0.06952433630040354,
  9.770491006909301
 ],
 "W": [
  -0.002967059728390361,
  -0.013264502315156903,
  -0.02565634000431664
 ]
}