{
 "gTv": [
  [
   0.8545735434187857,
   -0.5188689344780247,
   0.021888072603603908,
   -53.846497124636834
  ],
  [
   0.5191907525621385,
   0.8545619340002055,
   -0.01283991478901143,
   -38.14782205923808
  ],
  [
   -0.012042480750309673,
   0.0223367363656406,
   0.9996779725821264,
   1.4611218762779399
  ],
  [
   0.0,
   0.0,
   0.0,
   1.0
  ]
 ],
 "vV": [
  8.808465861172552,
  -0.029615079110154135,
  -0.0325207988929173
 ],
 "vA": [
  -1.4775391177782855,
  -0.9242316892905669,
  9.559932516887388
 ],
 "W": [
  -0.010821041362364843,
  0.009773843811168246,
  -0.027925268031909273
 ]
}