{
 "gTv": [
  [
   0.8523119230926566,
   -0.5226159739099028,
   0.020902860289960388,
   -60.215764114374046
  ],
  [
   0.5229218826825557,
   0.8522755423483173,
   -0.013382993933105847,
   -42.05594015913896
  ],
  [
   -0.01082083018207666,
   0.022337048352139316,
   0.9996919355006748,
   1.4914967604430394
  ],
  [
   0.0,
   0.0,
   0.0,
   1.0
  ]
 ],
 "vV": [
  9.858049231532412,
  0.004496795835326865,
  -0.044585941578915364
 ],
 "vA": [
  -1.3030459425284886,
  0.6191106363107345,
  9.760826247821894
 ],
 "W": [
  -0.014311699866353502,
  0.003490658503988659,
  0.021118483949131385
 ]
}