{
 "gTv": [
  [
   -0.513073583119195,
   0.8581528567635326,
   -0.018143118084239285,
   -35.58168656213572
  ],
  [
   -0.858320334583859,
   -0.5131034603811035,
   0.003322978301134872,
   -59.83928032561258
  ],
  [
   -0.006457673349044033,
   0.01727753956804933,
   0.9998298780699604,
   1.3230891826344175
  ],
  [
   0.0,
   0.0,
   0.0,
   1.0
  ]
 ],
 "vV": [
  8.650551455150184,
  0.013183313268112149,
  0.03426891277067501
 ],
 "vA": [
  1.4834761995701657,
  0.2831279188183779,
  8.301036052614803
 ],
 "W": [
  -0.02199114857512855,
  0.05026548245743669,
  0.0017453292519943296
 ]
}