{
 "gTv": [
  [
   -0.3855668704250938,
   0.9226797922490253,
   -0.0004352078754312604,
   -29.901691668638737
  ],
  [
   -0.9226547874674504,
   -0.38555285608622175,
   0.007558989823463211,
   -50.18076894278382
  ],
  [
   0.0068067315205617915,
   0.003316042679618032,
   0.9999713357226567,
   1.3777867842317384
  ],
  [
   0.0,
   0.0,
   0.0,
   1.0
  ]
 ],
 "vV": [
  6.269762683477799,
  -0.19127971229933402,
  0.029423569801369568
 ],
 "vA": [
  1.5326600532254244,
  -6.001589779197678,
  9.621009463131214
 ],
 "W": [
  -0.028797932657906436,
  0.01884955592153876,
  -0.33580134808370904
 ]
}