{
 "gTv": [
  [
   -0.5016515731155574,
   0.8647910831454297,
   -0.021956359052469582,
   -55.295293971308034
  ],
  [
   -0.8650640609912974,
   -0.5015788327584895,
   0.00910191792294502,
   -93.5950030592658
  ],
  [
   -0.0031415874858795635,
   0.023559648570926427,
   0.9997174967896096,
   1.2037804066855404
  ],
  [
   0.0,
   0.0,
   0.0,
   1.0
  ]
 ],
 "vV": [
  11.825049866193616,
  0.006070152206501994,
  0.001384088116774893
 ],
 "vA": [
  0.35323136166493696,
  -0.18726180711556123,
  9.925270197791608
 ],
 "W": [
  0.03612831551628262,
  -0.017278759594743863,
  -0.0024434609527920616
 ]
}