{
 "gTv": [
  [
   -0.5010475222709754,
   0.8651955738358463,
   -0.019697701413545488,
   -58.29181421158111
  ],
  [
   -0.8654140690179384,
   -0.5009970442956082,
   0.0077750082237480886,
   -98.74290050829954
  ],
  [
   -0.003141587485879562,
   0.020942316536742233,
   0.9997757497589865,
   1.2039151539493023
  ],
  [
   0.0,
   0.0,
   0.0,
   1.0
  ]
 ],
 "vV": [
  12.028371856342776,
  0.0006756641198283923,
  0.017624924929517012
 ],
 "vA": [
  0.34944262688139627,
  -0.011454387892651892,
  9.271623610140026
 ],
 "W": [
  0.020594885173533087,
  0.005585053606381855,
  0.0006981317007977319
 ]
}