{
 "gTv": [
  [
   -0.5133807390240177,
   0.8580194874401852,
   -0.015581269910873725,
   -34.70831920611237
  ],
  [
   -0.8581538510965565,
   -0.5132180111488911,
   0.013388087261662816,
   -58.38421104845673
  ],
  [
   0.0034906514152237313,
   0.02024431291150168,
   0.9997889693067427,
   1.3359640477357448
  ],
  [
   0.0,
   0.0,
   0.0,
   1.0
  ]
 ],
 "vV": [
  8.345483164605342,
  -0.009708711571650737,
  -0.0353258598251896
 ],
 "vA": [
  1.4412239849286714,
  0.42077578317172987,
  8.64845559232024
 ],
 "W": [
  -0.015358897417550098,
  0.05061454830783556,
  0.0010471975511965976
 ]
}