{
 "gTv": [
  [
   -0.5030115092512392,
   0.8638911204251912,
   -0.025914351454326204,
   -44.51508380196297
  ],
  [
   -0.8642779503086294,
   -0.5028448723858444,
   0.013063649014657919,
   -75.0231942277501
  ],
  [
   -0.0017453283658983073,
   0.028968368365714044,
   0.9995788050289599,
   1.2639206359529274
  ],
  [
   0.0,
   0.0,
   0.0,
   1.0
  ]
 ],
 "vV": [
  10.784687532826785,
  -0.01620848360647291,
  -0.052942892805311524
 ],
 "vA": [
  1.009089806418846,
  -0.6183699640591549,
  11.898174502454541
 ],
 "W": [
  0.06387905062299247,
  -0.06859143960337716,
  -0.0017453292519943296
 ]
}