{
 "gTv": [
  [
   0.8660490040680076,
   -0.4993490663404611,
   0.024690737083410914,
   -66.40278312323944
  ],
  [
   0.4998223544678822,
   0.8659106877177927,
   -0.01939832132639879,
   -45.76852565134744
  ],
  [
   -0.011693439485246059,
   0.029140879207896753,
   0.9995069147494657,
   1.5308719444493324
  ],
  [
   0.0,
   0.0,
   0.0,
   1.0
  ]
 ],
 "vV": [
  10.76401360657835,
  -0.006274155582211711,
  -0.061520963511459026
 ],
 "vA": [
  -1.3594431155012476,
  1.7496112988445038,
  9.78553208381066
 ],
 "W": [
  0.00034906585039886593,
  -0.005061454830783556,
  0.053930673886624786
 ]
}