{
 "gTv": [
  [
   -0.5135184934540055,
   0.8577870950512037,
   -0.02236194187332258,
   -33.46115889670605
  ],
  [
   -0.8580441620963091,
   -0.5135567561960662,
   0.004435544816279523,
   -56.28832297965054
  ],
  [
   -0.007679373227782692,
   0.021465267969245024,
   0.999740100975167,
   1.3525036455107393
  ],
  [
   0.0,
   0.0,
   0.0,
   1.0
  ]
 ],
 "vV": [
  7.905779959410874,
  -0.000990509823182181,
  -0.04708396959513092
 ],
 "vA": [
  1.5402593191457483,
  0.4244497033709631,
  10.263816569375745
 ],
 "W": [
  -0.02076941809873252,
  -0.020245819323134222,
  0.00017453292519943296
 ]
}