{
 "gTv": [
  [
   -0.41452103101894633,
   0.9100395334199932,
   -0.0006020429475984373,
   -30.19335490268087
  ],
  [
   -0.910025657185967,
   -0.41451084958134643,
   0.005835995424887221,
   -50.741517501282644
  ],
  [
   0.005061433219812096,
   0.0029670173695885496,
   0.9999827892027393,
   1.3772759147893172
  ],
  [
   0.0,
   0.0,
   0.0,
   1.0
  ]
 ],
 "vV": [
  6.4272187735905675,
  -0.17153631444568657,
  0.012084778904305066
 ],
 "vA": [
  1.5120807495838362,
  -5.6361278745520496,
  9.362023073938758
 ],
 "W": [
  0.012566370614359173,
  0.021467549799530253,
  -0.2960078411382383
 ]
}