{
 "gTv": [
  [
   0.8611207598828643,
   -0.5078013267440195,
   0.024674874990005393,
   -64.56291980141465
  ],
  [
   0.5082619289471829,
   0.8610045335634315,
   -0.0184663143617491,
   -44.69397199076433
  ],
  [
   -0.011867960298537237,
   0.02844302621437597,
   0.9995249600575871,
   1.5208556038943601
  ],
  [
   0.0,
   0.0,
   0.0,
   1.0
  ]
 ],
 "vV": [
  10.50101183888339,
  0.004647590843944187,
  -0.05318751745970594
 ],
 "vA": [
  -1.3071545163612817,
  1.4719309515099337,
  9.894963287753015
 ],
 "W": [
  -0.006806784082777885,
  0.006981317007977318,
  0.04415683007545654
 ]
}