{
 "gTv": [
  [
   -0.5005964206046887,
   0.8654713093495556,
   -0.0190430136937254,
   -58.8905418457905
  ],
  [
   -0.8656799241366055,
   -0.5005058334517816,
   0.00960102221527318,
   -99.78529599926448
  ],
  [
   -0.0012217301724650725,
   0.0212913920048284,
   0.9997725661378603,
   1.204481383335725
  ],
  [
   0.0,
   0.0,
   0.0,
   1.0
  ]
 ],
 "vV": [
  12.07845344044738,
  -0.018780416014501238,
  0.009636383778242868
 ],
 "vA": [
  0.3179570031086659,
  0.23403361674878012,
  10.859683240689943
 ],
 "W": [
  -0.02181661564992912,
  -0.03089232776029963,
  0.008377580409572781
 ]
}