{
 "gTv": [
  [
   0.38750108049978876,
   0.9217880171710471,
   -0.012237810726005926,
   -28.772890998566684
  ],
  [
   -0.9218057399721846,
   0.3875960627957666,
   0.006593167641828019,
   -40.81863916416331
  ],
  [
   0.010820830182076658,
   0.008726024586800829,
   0.9999033783966735,
   1.2687419828523565
  ],
  [
   0.0,
   0.0,
   0.0,
   1.0
  ]
 ],
 "vV": [
  2.991042986241678,
  -0.1944171333519289,
  0.005370076911615833
 ],
 "vA": [
  1.4574721243908715,
  -2.395659749253551,
  10.222392976232339
 ],
 "W": [
  0.0038397243543875246,
  -0.03228859116189509,
  -0.2617993877991494
 ]
}