{
 "gTv": [
  [
   0.5991177392947407,
   0.800642267305168,
   -0.0054675649789591475,
   -29.964742456903846
  ],
  [
   -0.8005510588085974,
   0.5989084237570995,
   -0.02065677112281027,
   -38.091494209366026
  ],
  [
   -0.013264113343632793,
   0.016752902949237525,
   0.9997716757039983,
   1.2710297054094735
  ],
  [
   0.0,
   0.0,
   0.0,
   1.0
  ]
 ],
 "vV": [
  0.22716351502769408,
  -0.020418465334954332,
  -0.006574616154395812
 ],
 "vA": [
  -0.616697238930185,
  0.010791765773922431,
  9.820077682392116
 ],
 "W": [
  -0.004363323129985824,
  -0.004537856055185257,
  -0.019198621771937627
 ]
}