{
 "gTv": [
  [
   0.4972805319995428,
   0.8675353718631544,
   -0.009718593545882809,
   -29.28822127638681
  ],
  [
   -0.8675805197901238,
   0.49729583845491276,
   -0.0009437881775127555,
   -39.425074236348934
  ],
  [
   0.004014246498463718,
   0.008900989927174372,
   0.9999523279653715,
   1.2666815283422337
  ],
  [
   0.0,
   0.0,
   0.0,
   1.0
  ]
 ],
 "vV": [
  2.0367304775897495,
  -0.10981250072634641,
  -0.03159434116747015
 ],
 "vA": [
  1.5307462826193476,
  -0.9902245418880522,
  9.825356244262139
 ],
 "W": [
  -0.03298672286269283,
  -0.00034906585039886593,
  -0.14695672301792254
 ]
}