{
 "gTv": [
  [
   -0.10034662323414567,
   0.9949493727772669,
   0.0025101425513648253,
   -28.5483815392389
  ],
  [
   -0.9948898376702648,
   -0.10036830327918178,
   0.010973358523838139,
   -46.44662094817098
  ],
  [
   0.011169874929422192,
   -0.001396175842051789,
   0.9999366402863131,
   1.349314179202963
  ],
  [
   0.0,
   0.0,
   0.0,
   1.0
  ]
 ],
 "vV": [
  5.177875343586788,
  -0.2574925575306658,
  0.005519994062110987
 ],
 "vA": [
  1.243053197875657,
  -6.646632422988034,
  10.293142548374295
 ],
 "W": [
  -0.018675022996339326,
  -0.028448866807507574,
  -0.4375540434749784
 ]
}