{
 "gTv": [
  [
   0.6142230067210657,
   0.789124951963684,
   -0.0034508264006056005,
   -30.07531931096777
  ],
  [
   -0.7889897463780102,
   0.6140228515616987,
   -0.02170524983508083,
   -37.90354835679994
  ],
  [
   -0.015009267966723677,
   0.016054530461943616,
   0.9997584577920557,
   1.2705275891255985
  ],
  [
   0.0,
   0.0,
   0.0,
   1.0
  ]
 ],
 "vV": [
  0.688536150510942,
  -0.044295589132718964,
  -0.005487729641475938
 ],
 "vA": [
  -1.1185803499796758,
  -0.057754390134874926,
  9.82100033390626
 ],
 "W": [
  0.006806784082777885,
  -0.002617993877991494,
  -0.06178465552059926
 ]
}