{
 "gTv": [
  [
   0.48374349672287636,
   0.8751689511549321,
   -0.00845791420505691,
   -29.205442834444913
  ],
  [
   -0.8751980560890726,
   0.48376451159065786,
   0.0005098464086293023,
   -39.612720609292694
  ],
  [
   0.004537840481175261,
   0.007155715186332023,
   0.9999641012276086,
   1.2669226097478874
  ],
  [
   0.0,
   0.0,
   0.0,
   1.0
  ]
 ],
 "vV": [
  2.194750208213372,
  -0.1132603732289123,
  -0.022978118309063923
 ],
 "vA": [
  1.5530969553476994,
  -1.3620808063503296,
  9.928736738455408
 ],
 "W": [
  -0.006108652381980153,
  -0.00890117918517108,
  -0.15969762655748115
 ]
}