{
 "gTv": [
  [
   -0.5018049016549139,
   0.8647889736672832,
   -0.01821734609072395,
   -57.0854652469982
  ],
  [
   -0.8649805508144733,
   -0.5016764359079594,
   0.011375428228307366,
   -96.67807348297036
  ],
  [
   0.0006981316440875778,
   0.021465895699320607,
   0.999769337364391,
   1.195055477859722
  ],
  [
   0.0,
   0.0,
   0.0,
   1.0
  ]
 ],
 "vV": [
  11.936045148100606,
  -0.020697329066366323,
  0.03861111401560296
 ],
 "vA": [
  0.6030782105306441,
  0.19073757111421796,
  9.457794713152161
 ],
 "W": [
  -0.01937315469713706,
  0.031241393610698498,
  0.0005235987755982988
 ]
}